[2026-02-06 17:04:19] 
============================================================
[2026-02-06 17:04:19] STARTING DEGRADATION ANALYSIS
[2026-02-06 17:04:19] ============================================================
[2026-02-06 17:04:21] Earth Engine initialized
[2026-02-06 17:04:22] Found 2 coupes to process
[2026-02-06 17:04:22] 
========================================
[2026-02-06 17:04:22] Processing coupe: baria_coupe
[2026-02-06 17:04:22] Creating table: 2026-02-06_baria_coupes_NDVI_Change
[2026-02-06 17:04:22] ========================================
[2026-02-06 17:04:22]   Fixing geometry for baria_coupe
[2026-02-06 17:04:22]     Geometry fixed
[2026-02-06 17:04:23]     Table 2026-02-06_baria_coupes_NDVI_Change created with proper structure
[2026-02-06 17:04:23]   ✗ Error processing coupe baria_coupe: syntax error at or near "with"
LINE 5:                 LIMIT 3  # Start with 3 for testing
                                         ^

[2026-02-06 17:04:23]   Traceback: Traceback (most recent call last):
  File "C:\Nikhil\recap_4NDC\RECAP4NDC\python-services\degradation_analysis.py", line 483, in process_coupes
    cur.execute(f"""
    ~~~~~~~~~~~^^^^^
        SELECT fid, ST_AsGeoJSON(geom), village, coupe_no
        ^^^^^^^^^^^^^^^^^^^^^^^^^^^^^^^^^^^^^^^^^^^^^^^^^
    ...<2 lines>...
        LIMIT 3  # Start with 3 for testing
        ^^^^^^^^^^^^^^^^^^^^^^^^^^^^^^^^^^^
    """)
    ^^^^
psycopg2.errors.SyntaxError: syntax error at or near "with"
LINE 5:                 LIMIT 3  # Start with 3 for testing
                                         ^


[2026-02-06 17:04:23] 
========================================
[2026-02-06 17:04:23] Processing coupe: bhavnagar_coupe
[2026-02-06 17:04:23] Creating table: 2026-02-06_bhavnagar_coupes_NDVI_Change
[2026-02-06 17:04:23] ========================================
[2026-02-06 17:04:23]   Fixing geometry for bhavnagar_coupe
[2026-02-06 17:04:23]     Geometry fix error: current transaction is aborted, commands ignored until end of transaction block

[2026-02-06 17:04:23]     Table 2026-02-06_bhavnagar_coupes_NDVI_Change created with proper structure
[2026-02-06 17:04:23]   ✗ Error processing coupe bhavnagar_coupe: syntax error at or near "with"
LINE 5:                 LIMIT 3  # Start with 3 for testing
                                         ^

[2026-02-06 17:04:23]   Traceback: Traceback (most recent call last):
  File "C:\Nikhil\recap_4NDC\RECAP4NDC\python-services\degradation_analysis.py", line 483, in process_coupes
    cur.execute(f"""
    ~~~~~~~~~~~^^^^^
        SELECT fid, ST_AsGeoJSON(geom), village, coupe_no
        ^^^^^^^^^^^^^^^^^^^^^^^^^^^^^^^^^^^^^^^^^^^^^^^^^
    ...<2 lines>...
        LIMIT 3  # Start with 3 for testing
        ^^^^^^^^^^^^^^^^^^^^^^^^^^^^^^^^^^^
    """)
    ^^^^
psycopg2.errors.SyntaxError: syntax error at or near "with"
LINE 5:                 LIMIT 3  # Start with 3 for testing
                                         ^


[2026-02-06 17:04:23] 
============================================================
[2026-02-06 17:04:23] PROCESSING COMPLETED
[2026-02-06 17:04:23] ============================================================
[2026-02-06 17:06:32] 
============================================================
[2026-02-06 17:06:32] STARTING DEGRADATION ANALYSIS
[2026-02-06 17:06:32] ============================================================
[2026-02-06 17:06:36] Earth Engine initialized
[2026-02-06 17:06:36] Found 2 coupes to process
[2026-02-06 17:06:36] 
========================================
[2026-02-06 17:06:36] Processing coupe: baria_coupe
[2026-02-06 17:06:36] Creating table: 2026-02-06_baria_coupes_NDVI_Change
[2026-02-06 17:06:36] ========================================
[2026-02-06 17:06:36]   Fixing geometry for baria_coupe
[2026-02-06 17:06:37]     Geometry fixed
[2026-02-06 17:06:37]     Table 2026-02-06_baria_coupes_NDVI_Change created with proper structure
[2026-02-06 17:06:37]   Found 1 polygons
[2026-02-06 17:06:37]     Processing polygon 1
[2026-02-06 17:07:34] 
Process interrupted by user
[2026-02-06 17:09:33] 
============================================================
[2026-02-06 17:09:33] STARTING DEGRADATION ANALYSIS
[2026-02-06 17:09:33] ============================================================
[2026-02-06 17:09:38] Earth Engine initialized
[2026-02-06 17:09:39] Found 2 coupes to process
[2026-02-06 17:09:39] 
========================================
[2026-02-06 17:09:39] Processing coupe: baria_coupe
[2026-02-06 17:09:39] Creating table: 2026-02-06_baria_coupes_NDVI_Change
[2026-02-06 17:09:39] ========================================
[2026-02-06 17:09:39]   Fixing geometry for baria_coupe
[2026-02-06 17:09:39]     Geometry fix error: relation "baria_coupe" does not exist
LINE 2:             UPDATE "baria_coupe"
                           ^

[2026-02-06 17:09:39]     Table 2026-02-06_baria_coupes_NDVI_Change created with proper structure
[2026-02-06 17:09:39]   ✗ Error processing coupe baria_coupe: relation "baria_coupe" does not exist
LINE 3:                 FROM "baria_coupe" 
                             ^

[2026-02-06 17:09:39]   Traceback: Traceback (most recent call last):
  File "C:\Nikhil\recap_4NDC\RECAP4NDC\python-services\degradation_analysis.py", line 483, in process_coupes
    cur.execute(f"""
    ~~~~~~~~~~~^^^^^
        SELECT fid, ST_AsGeoJSON(geom), village, coupe_no
        ^^^^^^^^^^^^^^^^^^^^^^^^^^^^^^^^^^^^^^^^^^^^^^^^^
    ...<2 lines>...
        LIMIT 1
        ^^^^^^^
    """)
    ^^^^
psycopg2.errors.UndefinedTable: relation "baria_coupe" does not exist
LINE 3:                 FROM "baria_coupe" 
                             ^


[2026-02-06 17:09:39] 
========================================
[2026-02-06 17:09:39] Processing coupe: bhavnagar_coupe
[2026-02-06 17:09:39] Creating table: 2026-02-06_bhavnagar_coupes_NDVI_Change
[2026-02-06 17:09:39] ========================================
[2026-02-06 17:09:39]   Fixing geometry for bhavnagar_coupe
[2026-02-06 17:09:39]     Geometry fix error: current transaction is aborted, commands ignored until end of transaction block

[2026-02-06 17:09:39]     Table 2026-02-06_bhavnagar_coupes_NDVI_Change created with proper structure
[2026-02-06 17:09:40]   ✗ Error processing coupe bhavnagar_coupe: relation "bhavnagar_coupe" does not exist
LINE 3:                 FROM "bhavnagar_coupe" 
                             ^

[2026-02-06 17:09:40]   Traceback: Traceback (most recent call last):
  File "C:\Nikhil\recap_4NDC\RECAP4NDC\python-services\degradation_analysis.py", line 483, in process_coupes
    cur.execute(f"""
    ~~~~~~~~~~~^^^^^
        SELECT fid, ST_AsGeoJSON(geom), village, coupe_no
        ^^^^^^^^^^^^^^^^^^^^^^^^^^^^^^^^^^^^^^^^^^^^^^^^^
    ...<2 lines>...
        LIMIT 1
        ^^^^^^^
    """)
    ^^^^
psycopg2.errors.UndefinedTable: relation "bhavnagar_coupe" does not exist
LINE 3:                 FROM "bhavnagar_coupe" 
                             ^


[2026-02-06 17:09:40] 
============================================================
[2026-02-06 17:09:40] PROCESSING COMPLETED
[2026-02-06 17:09:40] ============================================================
[2026-02-06 17:15:23] 
============================================================
[2026-02-06 17:15:23] STARTING DEGRADATION ANALYSIS
[2026-02-06 17:15:23] ============================================================
[2026-02-06 17:15:26] Earth Engine initialized
[2026-02-06 17:15:26] Found 56 tables in database: 2025-02-01_Banaskantha_RWD_WC_final_NDVI_Change, 2025-02-01_Banaskantha_Wild Life_WC_NDVI_Change, 2025-02-01_Bhavnagar_coupes_NDVI_Change, 2025-02-01_Con_Cum_Imp_WC_OVLP_NDVI_Change, 2025-02-01_Sabarkantha_North_Aravalli_NDVI_Change, 2025-03-01_Banaskantha_RWD_WC_final_NDVI_Change, 2025-03-01_Banaskantha_Wild Life_WC_NDVI_Change, 2025-03-01_Bhavnagar_coupes_NDVI_Change, 2025-03-01_Con_Cum_Imp_WC_OVLP_NDVI_Change, 2025-03-01_Sabarkantha_North_Aravalli_NDVI_Change...
[2026-02-06 17:15:27] Found 4223 coupes in master table: ['baria_coupe', 'bhavnagar_coupe', 'bhavnagar_coupe', 'bhavnagar_coupe', 'bhavnagar_coupe', 'bhavnagar_coupe', 'bhavnagar_coupe', 'bhavnagar_coupe', 'bhavnagar_coupe', 'bhavnagar_coupe', 'bhavnagar_coupe', 'bhavnagar_coupe', 'bhavnagar_coupe', 'bhavnagar_coupe', 'bhavnagar_coupe', 'bhavnagar_coupe', 'bhavnagar_coupe', 'bhavnagar_coupe', 'bhavnagar_coupe', 'bhavnagar_coupe', 'bhavnagar_coupe', 'bhavnagar_coupe', 'bhavnagar_coupe', 'bhavnagar_coupe', 'bhavnagar_coupe', 'bhavnagar_coupe', 'bhavnagar_coupe', 'bhavnagar_coupe', 'bhavnagar_coupe', 'bhavnagar_coupe', 'bhavnagar_coupe', 'bhavnagar_coupe', 'bhavnagar_coupe', 'bhavnagar_coupe', 'bhavnagar_coupe', 'bhavnagar_coupe', 'bhavnagar_coupe', 'bhavnagar_coupe', 'bhavnagar_coupe', 'bhavnagar_coupe', 'bhavnagar_coupe', 'bhavnagar_coupe', 'bhavnagar_coupe', 'bhavnagar_coupe', 'bhavnagar_coupe', 'bhavnagar_coupe', 'bhavnagar_coupe', 'bhavnagar_coupe', 'bhavnagar_coupe', 'bhavnagar_coupe', 'bhavnagar_coupe', 'bhavnagar_coupe', 'bhavnagar_coupe', 'bhavnagar_coupe', 'bhavnagar_coupe', 'bhavnagar_coupe', 'bhavnagar_coupe', 'bhavnagar_coupe', 'bhavnagar_coupe', 'bhavnagar_coupe', 'bhavnagar_coupe', 'bhavnagar_coupe', 'bhavnagar_coupe', 'bhavnagar_coupe', 'bhavnagar_coupe', 'bhavnagar_coupe', 'bhavnagar_coupe', 'bhavnagar_coupe', 'bhavnagar_coupe', 'bhavnagar_coupe', 'bhavnagar_coupe', 'bhavnagar_coupe', 'bhavnagar_coupe', 'bhavnagar_coupe', 'bhavnagar_coupe', 'bhavnagar_coupe', 'bhavnagar_coupe', 'bhavnagar_coupe', 'bhavnagar_coupe', 'bhavnagar_coupe', 'bhavnagar_coupe', 'bhavnagar_coupe', 'bhavnagar_coupe', 'bhavnagar_coupe', 'bhavnagar_coupe', 'bhavnagar_coupe', 'bhavnagar_coupe', 'bhavnagar_coupe', 'bhavnagar_coupe', 'bhavnagar_coupe', 'bhavnagar_coupe', 'bhavnagar_coupe', 'bhavnagar_coupe', 'bhavnagar_coupe', 'bhavnagar_coupe', 'bhavnagar_coupe', 'bhavnagar_coupe', 'bhavnagar_coupe', 'bhavnagar_coupe', 'bhavnagar_coupe', 'bhavnagar_coupe', 'bhavnagar_coupe', 'bhavnagar_coupe', 'bhavnagar_coupe', 'bhavnagar_coupe', 'bhavnagar_coupe', 'bhavnagar_coupe', 'bhavnagar_coupe', 'bhavnagar_coupe', 'bhavnagar_coupe', 'bhavnagar_coupe', 'bhavnagar_coupe', 'bhavnagar_coupe', 'bhavnagar_coupe', 'bhavnagar_coupe', 'bhavnagar_coupe', 'bhavnagar_coupe', 'bhavnagar_coupe', 'bhavnagar_coupe', 'bhavnagar_coupe', 'bhavnagar_coupe', 'bhavnagar_coupe', 'bhavnagar_coupe', 'bhavnagar_coupe', 'bhavnagar_coupe', 'bhavnagar_coupe', 'bhavnagar_coupe', 'bhavnagar_coupe', 'bhavnagar_coupe', 'bhavnagar_coupe', 'bhavnagar_coupe', 'bhavnagar_coupe', 'bhavnagar_coupe', 'bhavnagar_coupe', 'bhavnagar_coupe', 'bhavnagar_coupe', 'bhavnagar_coupe', 'bhavnagar_coupe', 'bhavnagar_coupe', 'bhavnagar_coupe', 'bhavnagar_coupe', 'bhavnagar_coupe', 'bhavnagar_coupe', 'bhavnagar_coupe', 'bhavnagar_coupe', 'bhavnagar_coupe', 'bhavnagar_coupe', 'bhavnagar_coupe', 'bhavnagar_coupe', 'bhavnagar_coupe', 'bhavnagar_coupe', 'bhavnagar_coupe', 'bhavnagar_coupe', 'bhavnagar_coupe', 'bhavnagar_coupe', 'bhavnagar_coupe', 'bhavnagar_coupe', 'bhavnagar_coupe', 'bhavnagar_coupe', 'bhavnagar_coupe', 'bharuch_coupe', 'bharuch_coupe', 'bharuch_coupe', 'bharuch_coupe', 'bharuch_coupe', 'bharuch_coupe', 'bharuch_coupe', 'bharuch_coupe', 'bharuch_coupe', 'bharuch_coupe', 'bharuch_coupe', 'bharuch_coupe', 'bharuch_coupe', 'bharuch_coupe', 'bharuch_coupe', 'bharuch_coupe', 'bharuch_coupe', 'bharuch_coupe', 'bharuch_coupe', 'bharuch_coupe', 'bharuch_coupe', 'bharuch_coupe', 'bharuch_coupe', 'bharuch_coupe', 'bharuch_coupe', 'bharuch_coupe', 'bharuch_coupe', 'bharuch_coupe', 'bharuch_coupe', 'bharuch_coupe', 'bharuch_coupe', 'bharuch_coupe', 'bharuch_coupe', 'bharuch_coupe', 'bharuch_coupe', 'bharuch_coupe', 'bharuch_coupe', 'bharuch_coupe', 'bharuch_coupe', 'bharuch_coupe', 'bharuch_coupe', 'bharuch_coupe', 'bharuch_coupe', 'bharuch_coupe', 'bharuch_coupe', 'bharuch_coupe', 'bharuch_coupe', 'bharuch_coupe', 'bharuch_coupe', 'bharuch_coupe', 'bharuch_coupe', 'bharuch_coupe', 'bharuch_coupe', 'bharuch_coupe', 'bharuch_coupe', 'bharuch_coupe', 'bharuch_coupe', 'bharuch_coupe', 'bharuch_coupe', 'bharuch_coupe', 'chhotaudepur_coupe', 'chhotaudepur_coupe', 'chhotaudepur_coupe', 'chhotaudepur_coupe', 'chhotaudepur_coupe', 'chhotaudepur_coupe', 'chhotaudepur_coupe', 'chhotaudepur_coupe', 'chhotaudepur_coupe', 'chhotaudepur_coupe', 'chhotaudepur_coupe', 'chhotaudepur_coupe', 'chhotaudepur_coupe', 'chhotaudepur_coupe', 'chhotaudepur_coupe', 'chhotaudepur_coupe', 'chhotaudepur_coupe', 'chhotaudepur_coupe', 'chhotaudepur_coupe', 'chhotaudepur_coupe', 'chhotaudepur_coupe', 'chhotaudepur_coupe', 'chhotaudepur_coupe', 'chhotaudepur_coupe', 'chhotaudepur_coupe', 'chhotaudepur_coupe', 'chhotaudepur_coupe', 'chhotaudepur_coupe', 'chhotaudepur_coupe', 'chhotaudepur_coupe', 'chhotaudepur_coupe', 'chhotaudepur_coupe', 'chhotaudepur_coupe', 'chhotaudepur_coupe', 'chhotaudepur_coupe', 'chhotaudepur_coupe', 'chhotaudepur_coupe', 'chhotaudepur_coupe', 'chhotaudepur_coupe', 'chhotaudepur_coupe', 'chhotaudepur_coupe', 'chhotaudepur_coupe', 'chhotaudepur_coupe', 'chhotaudepur_coupe', 'chhotaudepur_coupe', 'chhotaudepur_coupe', 'chhotaudepur_coupe', 'chhotaudepur_coupe', 'chhotaudepur_coupe', 'narmada_coupe', 'surat_coupe', 'banaskantha coupe', 'banaskantha coupe', 'banaskantha coupe', 'banaskantha coupe', 'banaskantha coupe', 'banaskantha coupe', 'banaskantha coupe', 'banaskantha coupe', 'banaskantha coupe', 'banaskantha coupe', 'banaskantha coupe', 'banaskantha coupe', 'banaskantha coupe', 'banaskantha coupe', 'banaskantha coupe', 'banaskantha coupe', 'banaskantha coupe', 'banaskantha coupe', 'banaskantha coupe', 'banaskantha coupe', 'banaskantha coupe', 'banaskantha coupe', 'banaskantha coupe', 'banaskantha coupe', 'banaskantha coupe', 'banaskantha coupe', 'banaskantha coupe', 'banaskantha coupe', 'banaskantha coupe', 'banaskantha coupe', 'banaskantha coupe', 'banaskantha coupe', 'banaskantha coupe', 'banaskantha coupe', 'banaskantha coupe', 'banaskantha coupe', 'banaskantha coupe', 'banaskantha coupe', 'banaskantha coupe', 'banaskantha coupe', 'banaskantha coupe', 'banaskantha coupe', 'banaskantha coupe', 'banaskantha coupe', 'banaskantha coupe', 'banaskantha coupe', 'banaskantha coupe', 'banaskantha coupe', 'banaskantha coupe', 'banaskantha coupe', 'banaskantha coupe', 'banaskantha coupe', 'banaskantha coupe', 'banaskantha coupe', 'banaskantha coupe', 'banaskantha coupe', 'banaskantha coupe', 'banaskantha coupe', 'banaskantha coupe', 'banaskantha coupe', 'banaskantha coupe', 'banaskantha coupe', 'banaskantha coupe', 'banaskantha coupe', 'banaskantha coupe', 'banaskantha coupe', 'banaskantha coupe', 'banaskantha coupe', 'banaskantha coupe', 'banaskantha coupe', 'banaskantha coupe', 'banaskantha coupe', 'banaskantha coupe', 'banaskantha coupe', 'banaskantha coupe', 'banaskantha coupe', 'banaskantha coupe', 'banaskantha coupe', 'banaskantha coupe', 'banaskantha coupe', 'banaskantha coupe', 'banaskantha coupe', 'banaskantha coupe', 'banaskantha coupe', 'banaskantha coupe', 'banaskantha coupe', 'banaskantha coupe', 'banaskantha coupe', 'banaskantha coupe', 'banaskantha coupe', 'banaskantha coupe', 'banaskantha coupe', 'banaskantha coupe', 'banaskantha coupe', 'banaskantha coupe', 'banaskantha coupe', 'banaskantha coupe', 'banaskantha coupe', 'banaskantha coupe', 'banaskantha coupe', 'banaskantha coupe', 'banaskantha coupe', 'banaskantha coupe', 'banaskantha coupe', 'banaskantha coupe', 'banaskantha coupe', 'banaskantha coupe', 'banaskantha coupe', 'banaskantha coupe', 'banaskantha coupe', 'banaskantha coupe', 'banaskantha coupe', 'banaskantha coupe', 'banaskantha coupe', 'banaskantha coupe', 'banaskantha coupe', 'banaskantha coupe', 'banaskantha coupe', 'banaskantha coupe', 'banaskantha coupe', 'banaskantha coupe', 'banaskantha coupe', 'banaskantha coupe', 'banaskantha coupe', 'banaskantha coupe', 'banaskantha coupe', 'banaskantha coupe', 'banaskantha coupe', 'banaskantha coupe', 'banaskantha coupe', 'banaskantha coupe', 'banaskantha coupe', 'banaskantha coupe', 'banaskantha coupe', 'banaskantha coupe', 'banaskantha coupe', 'banaskantha coupe', 'banaskantha coupe', 'banaskantha coupe', 'banaskantha coupe', 'banaskantha coupe', 'banaskantha coupe', 'banaskantha coupe', 'banaskantha coupe', 'banaskantha coupe', 'banaskantha coupe', 'banaskantha coupe', 'banaskantha coupe', 'banaskantha coupe', 'banaskantha coupe', 'banaskantha coupe', 'banaskantha coupe', 'banaskantha coupe', 'banaskantha coupe', 'banaskantha coupe', 'banaskantha coupe', 'banaskantha coupe', 'banaskantha coupe', 'banaskantha coupe', 'banaskantha coupe', 'banaskantha coupe', 'banaskantha coupe', 'banaskantha coupe', 'banaskantha coupe', 'banaskantha coupe', 'banaskantha coupe', 'banaskantha coupe', 'banaskantha coupe', 'banaskantha coupe', 'banaskantha coupe', 'banaskantha coupe', 'banaskantha coupe', 'banaskantha coupe', 'banaskantha coupe', 'banaskantha coupe', 'banaskantha coupe', 'banaskantha coupe', 'banaskantha coupe', 'banaskantha coupe', 'banaskantha coupe', 'banaskantha coupe', 'banaskantha coupe', 'banaskantha coupe', 'banaskantha coupe', 'banaskantha coupe', 'banaskantha coupe', 'banaskantha coupe', 'banaskantha coupe', 'banaskantha coupe', 'banaskantha coupe', 'banaskantha coupe', 'banaskantha coupe', 'banaskantha coupe', 'banaskantha coupe', 'banaskantha coupe', 'banaskantha coupe', 'banaskantha coupe', 'banaskantha coupe', 'banaskantha coupe', 'banaskantha coupe', 'banaskantha coupe', 'banaskantha coupe', 'banaskantha coupe', 'banaskantha coupe', 'banaskantha coupe', 'banaskantha coupe', 'banaskantha coupe', 'banaskantha coupe', 'banaskantha coupe', 'banaskantha coupe', 'banaskantha coupe', 'banaskantha coupe', 'banaskantha coupe', 'banaskantha coupe', 'banaskantha coupe', 'banaskantha coupe', 'banaskantha coupe', 'banaskantha coupe', 'banaskantha coupe', 'banaskantha coupe', 'banaskantha coupe', 'banaskantha coupe', 'banaskantha coupe', 'banaskantha coupe', 'banaskantha coupe', 'banaskantha coupe', 'banaskantha coupe', 'banaskantha coupe', 'banaskantha coupe', 'banaskantha coupe', 'banaskantha coupe', 'banaskantha coupe', 'banaskantha coupe', 'banaskantha coupe', 'banaskantha coupe', 'banaskantha coupe', 'banaskantha coupe', 'banaskantha coupe', 'banaskantha coupe', 'banaskantha coupe', 'banaskantha coupe', 'banaskantha coupe', 'banaskantha coupe', 'banaskantha coupe', 'banaskantha coupe', 'banaskantha coupe', 'banaskantha coupe', 'banaskantha coupe', 'banaskantha coupe', 'banaskantha coupe', 'banaskantha coupe', 'banaskantha coupe', 'banaskantha coupe', 'banaskantha coupe', 'banaskantha coupe', 'banaskantha coupe', 'banaskantha coupe', 'banaskantha coupe', 'banaskantha coupe', 'banaskantha coupe', 'banaskantha coupe', 'banaskantha coupe', 'banaskantha coupe', 'banaskantha coupe', 'banaskantha coupe', 'banaskantha coupe', 'banaskantha coupe', 'banaskantha coupe', 'banaskantha coupe', 'banaskantha coupe', 'banaskantha coupe', 'banaskantha coupe', 'banaskantha coupe', 'banaskantha coupe', 'banaskantha coupe', 'banaskantha coupe', 'banaskantha coupe', 'banaskantha coupe', 'banaskantha coupe', 'banaskantha coupe', 'baria_coupe', 'baria_coupe', 'baria_coupe', 'baria_coupe', 'baria_coupe', 'baria_coupe', 'baria_coupe', 'baria_coupe', 'baria_coupe', 'baria_coupe', 'baria_coupe', 'baria_coupe', 'baria_coupe', 'baria_coupe', 'baria_coupe', 'baria_coupe', 'baria_coupe', 'baria_coupe', 'baria_coupe', 'baria_coupe', 'baria_coupe', 'baria_coupe', 'baria_coupe', 'baria_coupe', 'baria_coupe', 'baria_coupe', 'baria_coupe', 'baria_coupe', 'baria_coupe', 'baria_coupe', 'baria_coupe', 'baria_coupe', 'baria_coupe', 'baria_coupe', 'baria_coupe', 'baria_coupe', 'baria_coupe', 'baria_coupe', 'baria_coupe', 'baria_coupe', 'baria_coupe', 'baria_coupe', 'baria_coupe', 'baria_coupe', 'baria_coupe', 'baria_coupe', 'baria_coupe', 'baria_coupe', 'baria_coupe', 'baria_coupe', 'baria_coupe', 'baria_coupe', 'baria_coupe', 'baria_coupe', 'baria_coupe', 'baria_coupe', 'baria_coupe', 'baria_coupe', 'baria_coupe', 'baria_coupe', 'baria_coupe', 'baria_coupe', 'baria_coupe', 'baria_coupe', 'baria_coupe', 'baria_coupe', 'baria_coupe', 'baria_coupe', 'baria_coupe', 'baria_coupe', 'baria_coupe', 'baria_coupe', 'baria_coupe', 'baria_coupe', 'baria_coupe', 'baria_coupe', 'baria_coupe', 'baria_coupe', 'baria_coupe', 'baria_coupe', 'baria_coupe', 'baria_coupe', 'baria_coupe', 'baria_coupe', 'baria_coupe', 'baria_coupe', 'baria_coupe', 'baria_coupe', 'baria_coupe', 'baria_coupe', 'baria_coupe', 'baria_coupe', 'baria_coupe', 'baria_coupe', 'baria_coupe', 'baria_coupe', 'baria_coupe', 'baria_coupe', 'baria_coupe', 'baria_coupe', 'baria_coupe', 'baria_coupe', 'baria_coupe', 'baria_coupe', 'baria_coupe', 'baria_coupe', 'baria_coupe', 'baria_coupe', 'baria_coupe', 'baria_coupe', 'baria_coupe', 'baria_coupe', 'baria_coupe', 'baria_coupe', 'baria_coupe', 'baria_coupe', 'baria_coupe', 'baria_coupe', 'baria_coupe', 'baria_coupe', 'baria_coupe', 'baria_coupe', 'baria_coupe', 'baria_coupe', 'baria_coupe', 'baria_coupe', 'baria_coupe', 'baria_coupe', 'baria_coupe', 'baria_coupe', 'baria_coupe', 'baria_coupe', 'baria_coupe', 'baria_coupe', 'baria_coupe', 'baria_coupe', 'baria_coupe', 'baria_coupe', 'baria_coupe', 'baria_coupe', 'baria_coupe', 'baria_coupe', 'baria_coupe', 'baria_coupe', 'baria_coupe', 'baria_coupe', 'baria_coupe', 'baria_coupe', 'baria_coupe', 'baria_coupe', 'baria_coupe', 'baria_coupe', 'baria_coupe', 'baria_coupe', 'baria_coupe', 'baria_coupe', 'baria_coupe', 'baria_coupe', 'baria_coupe', 'baria_coupe', 'baria_coupe', 'baria_coupe', 'baria_coupe', 'baria_coupe', 'baria_coupe', 'baria_coupe', 'baria_coupe', 'baria_coupe', 'baria_coupe', 'baria_coupe', 'baria_coupe', 'baria_coupe', 'baria_coupe', 'baria_coupe', 'baria_coupe', 'baria_coupe', 'baria_coupe', 'baria_coupe', 'baria_coupe', 'baria_coupe', 'baria_coupe', 'baria_coupe', 'baria_coupe', 'baria_coupe', 'baria_coupe', 'baria_coupe', 'baria_coupe', 'baria_coupe', 'baria_coupe', 'baria_coupe', 'baria_coupe', 'baria_coupe', 'baria_coupe', 'baria_coupe', 'baria_coupe', 'baria_coupe', 'baria_coupe', 'baria_coupe', 'baria_coupe', 'baria_coupe', 'baria_coupe', 'baria_coupe', 'baria_coupe', 'baria_coupe', 'baria_coupe', 'baria_coupe', 'baria_coupe', 'baria_coupe', 'baria_coupe', 'baria_coupe', 'baria_coupe', 'baria_coupe', 'baria_coupe', 'baria_coupe', 'baria_coupe', 'baria_coupe', 'baria_coupe', 'baria_coupe', 'baria_coupe', 'baria_coupe', 'baria_coupe', 'baria_coupe', 'baria_coupe', 'baria_coupe', 'baria_coupe', 'baria_coupe', 'baria_coupe', 'baria_coupe', 'baria_coupe', 'baria_coupe', 'baria_coupe', 'baria_coupe', 'baria_coupe', 'baria_coupe', 'baria_coupe', 'baria_coupe', 'baria_coupe', 'baria_coupe', 'baria_coupe', 'baria_coupe', 'baria_coupe', 'baria_coupe', 'baria_coupe', 'baria_coupe', 'baria_coupe', 'baria_coupe', 'baria_coupe', 'baria_coupe', 'baria_coupe', 'baria_coupe', 'baria_coupe', 'baria_coupe', 'baria_coupe', 'baria_coupe', 'baria_coupe', 'baria_coupe', 'baria_coupe', 'baria_coupe', 'baria_coupe', 'baria_coupe', 'baria_coupe', 'baria_coupe', 'baria_coupe', 'baria_coupe', 'baria_coupe', 'baria_coupe', 'baria_coupe', 'baria_coupe', 'baria_coupe', 'baria_coupe', 'baria_coupe', 'baria_coupe', 'baria_coupe', 'baria_coupe', 'baria_coupe', 'baria_coupe', 'baria_coupe', 'baria_coupe', 'baria_coupe', 'baria_coupe', 'baria_coupe', 'baria_coupe', 'baria_coupe', 'baria_coupe', 'baria_coupe', 'baria_coupe', 'baria_coupe', 'baria_coupe', 'baria_coupe', 'baria_coupe', 'baria_coupe', 'baria_coupe', 'baria_coupe', 'baria_coupe', 'baria_coupe', 'baria_coupe', 'baria_coupe', 'baria_coupe', 'baria_coupe', 'baria_coupe', 'baria_coupe', 'baria_coupe', 'baria_coupe', 'baria_coupe', 'baria_coupe', 'baria_coupe', 'baria_coupe', 'baria_coupe', 'baria_coupe', 'baria_coupe', 'baria_coupe', 'baria_coupe', 'baria_coupe', 'baria_coupe', 'baria_coupe', 'baria_coupe', 'baria_coupe', 'baria_coupe', 'baria_coupe', 'baria_coupe', 'baria_coupe', 'baria_coupe', 'baria_coupe', 'baria_coupe', 'baria_coupe', 'baria_coupe', 'baria_coupe', 'baria_coupe', 'baria_coupe', 'baria_coupe', 'baria_coupe', 'baria_coupe', 'baria_coupe', 'baria_coupe', 'baria_coupe', 'baria_coupe', 'baria_coupe', 'baria_coupe', 'baria_coupe', 'baria_coupe', 'baria_coupe', 'baria_coupe', 'baria_coupe', 'baria_coupe', 'baria_coupe', 'baria_coupe', 'baria_coupe', 'baria_coupe', 'baria_coupe', 'baria_coupe', 'baria_coupe', 'baria_coupe', 'baria_coupe', 'baria_coupe', 'baria_coupe', 'baria_coupe', 'baria_coupe', 'baria_coupe', 'baria_coupe', 'baria_coupe', 'baria_coupe', 'baria_coupe', 'baria_coupe', 'baria_coupe', 'baria_coupe', 'baria_coupe', 'baria_coupe', 'baria_coupe', 'baria_coupe', 'baria_coupe', 'baria_coupe', 'baria_coupe', 'baria_coupe', 'baria_coupe', 'baria_coupe', 'baria_coupe', 'baria_coupe', 'baria_coupe', 'baria_coupe', 'baria_coupe', 'baria_coupe', 'baria_coupe', 'baria_coupe', 'baria_coupe', 'baria_coupe', 'baria_coupe', 'baria_coupe', 'baria_coupe', 'baria_coupe', 'baria_coupe', 'baria_coupe', 'baria_coupe', 'baria_coupe', 'baria_coupe', 'baria_coupe', 'baria_coupe', 'baria_coupe', 'baria_coupe', 'baria_coupe', 'baria_coupe', 'baria_coupe', 'baria_coupe', 'baria_coupe', 'baria_coupe', 'baria_coupe', 'baria_coupe', 'baria_coupe', 'baria_coupe', 'baria_coupe', 'baria_coupe', 'baria_coupe', 'baria_coupe', 'baria_coupe', 'baria_coupe', 'baria_coupe', 'baria_coupe', 'baria_coupe', 'baria_coupe', 'baria_coupe', 'baria_coupe', 'baria_coupe', 'baria_coupe', 'baria_coupe', 'baria_coupe', 'baria_coupe', 'baria_coupe', 'baria_coupe', 'baria_coupe', 'baria_coupe', 'baria_coupe', 'baria_coupe', 'baria_coupe', 'baria_coupe', 'baria_coupe', 'baria_coupe', 'baria_coupe', 'baria_coupe', 'baria_coupe', 'baria_coupe', 'baria_coupe', 'baria_coupe', 'baria_coupe', 'baria_coupe', 'baria_coupe', 'baria_coupe', 'baria_coupe', 'baria_coupe', 'baria_coupe', 'baria_coupe', 'baria_coupe', 'baria_coupe', 'baria_coupe', 'baria_coupe', 'baria_coupe', 'baria_coupe', 'baria_coupe', 'baria_coupe', 'baria_coupe', 'baria_coupe', 'baria_coupe', 'baria_coupe', 'baria_coupe', 'baria_coupe', 'baria_coupe', 'baria_coupe', 'baria_coupe', 'baria_coupe', 'baria_coupe', 'baria_coupe', 'baria_coupe', 'baria_coupe', 'baria_coupe', 'baria_coupe', 'baria_coupe', 'baria_coupe', 'baria_coupe', 'baria_coupe', 'baria_coupe', 'baria_coupe', 'baria_coupe', 'baria_coupe', 'baria_coupe', 'baria_coupe', 'baria_coupe', 'baria_coupe', 'baria_coupe', 'baria_coupe', 'baria_coupe', 'baria_coupe', 'baria_coupe', 'baria_coupe', 'baria_coupe', 'baria_coupe', 'baria_coupe', 'baria_coupe', 'baria_coupe', 'baria_coupe', 'baria_coupe', 'baria_coupe', 'baria_coupe', 'baria_coupe', 'baria_coupe', 'baria_coupe', 'baria_coupe', 'baria_coupe', 'bharuch_coupe', 'bharuch_coupe', 'bharuch_coupe', 'bharuch_coupe', 'bharuch_coupe', 'bharuch_coupe', 'bharuch_coupe', 'bharuch_coupe', 'bharuch_coupe', 'bharuch_coupe', 'bharuch_coupe', 'bharuch_coupe', 'bharuch_coupe', 'bharuch_coupe', 'bharuch_coupe', 'bharuch_coupe', 'bharuch_coupe', 'bharuch_coupe', 'bharuch_coupe', 'bharuch_coupe', 'bharuch_coupe', 'bharuch_coupe', 'bharuch_coupe', 'bharuch_coupe', 'bharuch_coupe', 'bharuch_coupe', 'bharuch_coupe', 'bharuch_coupe', 'bharuch_coupe', 'bharuch_coupe', 'bharuch_coupe', 'bharuch_coupe', 'bharuch_coupe', 'bharuch_coupe', 'bharuch_coupe', 'bharuch_coupe', 'bharuch_coupe', 'bharuch_coupe', 'bharuch_coupe', 'bharuch_coupe', 'bharuch_coupe', 'bharuch_coupe', 'bharuch_coupe', 'bharuch_coupe', 'bharuch_coupe', 'bharuch_coupe', 'bharuch_coupe', 'bharuch_coupe', 'bharuch_coupe', 'bharuch_coupe', 'bharuch_coupe', 'chhotaudepur_coupe', 'chhotaudepur_coupe', 'chhotaudepur_coupe', 'chhotaudepur_coupe', 'chhotaudepur_coupe', 'chhotaudepur_coupe', 'chhotaudepur_coupe', 'chhotaudepur_coupe', 'chhotaudepur_coupe', 'chhotaudepur_coupe', 'chhotaudepur_coupe', 'chhotaudepur_coupe', 'chhotaudepur_coupe', 'chhotaudepur_coupe', 'chhotaudepur_coupe', 'chhotaudepur_coupe', 'chhotaudepur_coupe', 'chhotaudepur_coupe', 'chhotaudepur_coupe', 'chhotaudepur_coupe', 'chhotaudepur_coupe', 'chhotaudepur_coupe', 'chhotaudepur_coupe', 'chhotaudepur_coupe', 'chhotaudepur_coupe', 'chhotaudepur_coupe', 'chhotaudepur_coupe', 'chhotaudepur_coupe', 'chhotaudepur_coupe', 'chhotaudepur_coupe', 'chhotaudepur_coupe', 'chhotaudepur_coupe', 'chhotaudepur_coupe', 'chhotaudepur_coupe', 'chhotaudepur_coupe', 'chhotaudepur_coupe', 'chhotaudepur_coupe', 'chhotaudepur_coupe', 'chhotaudepur_coupe', 'chhotaudepur_coupe', 'chhotaudepur_coupe', 'chhotaudepur_coupe', 'chhotaudepur_coupe', 'chhotaudepur_coupe', 'chhotaudepur_coupe', 'chhotaudepur_coupe', 'chhotaudepur_coupe', 'chhotaudepur_coupe', 'chhotaudepur_coupe', 'chhotaudepur_coupe', 'chhotaudepur_coupe', 'chhotaudepur_coupe', 'chhotaudepur_coupe', 'chhotaudepur_coupe', 'chhotaudepur_coupe', 'chhotaudepur_coupe', 'chhotaudepur_coupe', 'chhotaudepur_coupe', 'chhotaudepur_coupe', 'chhotaudepur_coupe', 'chhotaudepur_coupe', 'chhotaudepur_coupe', 'chhotaudepur_coupe', 'chhotaudepur_coupe', 'chhotaudepur_coupe', 'chhotaudepur_coupe', 'chhotaudepur_coupe', 'chhotaudepur_coupe', 'chhotaudepur_coupe', 'chhotaudepur_coupe', 'chhotaudepur_coupe', 'chhotaudepur_coupe', 'chhotaudepur_coupe', 'chhotaudepur_coupe', 'chhotaudepur_coupe', 'chhotaudepur_coupe', 'chhotaudepur_coupe', 'chhotaudepur_coupe', 'chhotaudepur_coupe', 'chhotaudepur_coupe', 'chhotaudepur_coupe', 'chhotaudepur_coupe', 'chhotaudepur_coupe', 'chhotaudepur_coupe', 'chhotaudepur_coupe', 'chhotaudepur_coupe', 'chhotaudepur_coupe', 'chhotaudepur_coupe', 'chhotaudepur_coupe', 'chhotaudepur_coupe', 'chhotaudepur_coupe', 'chhotaudepur_coupe', 'chhotaudepur_coupe', 'chhotaudepur_coupe', 'chhotaudepur_coupe', 'chhotaudepur_coupe', 'chhotaudepur_coupe', 'chhotaudepur_coupe', 'chhotaudepur_coupe', 'chhotaudepur_coupe', 'chhotaudepur_coupe', 'chhotaudepur_coupe', 'chhotaudepur_coupe', 'chhotaudepur_coupe', 'chhotaudepur_coupe', 'chhotaudepur_coupe', 'chhotaudepur_coupe', 'chhotaudepur_coupe', 'chhotaudepur_coupe', 'chhotaudepur_coupe', 'chhotaudepur_coupe', 'chhotaudepur_coupe', 'chhotaudepur_coupe', 'chhotaudepur_coupe', 'chhotaudepur_coupe', 'chhotaudepur_coupe', 'chhotaudepur_coupe', 'chhotaudepur_coupe', 'chhotaudepur_coupe', 'chhotaudepur_coupe', 'chhotaudepur_coupe', 'chhotaudepur_coupe', 'chhotaudepur_coupe', 'chhotaudepur_coupe', 'chhotaudepur_coupe', 'chhotaudepur_coupe', 'chhotaudepur_coupe', 'chhotaudepur_coupe', 'chhotaudepur_coupe', 'chhotaudepur_coupe', 'chhotaudepur_coupe', 'chhotaudepur_coupe', 'chhotaudepur_coupe', 'chhotaudepur_coupe', 'chhotaudepur_coupe', 'chhotaudepur_coupe', 'chhotaudepur_coupe', 'chhotaudepur_coupe', 'chhotaudepur_coupe', 'chhotaudepur_coupe', 'chhotaudepur_coupe', 'chhotaudepur_coupe', 'chhotaudepur_coupe', 'chhotaudepur_coupe', 'chhotaudepur_coupe', 'chhotaudepur_coupe', 'chhotaudepur_coupe', 'chhotaudepur_coupe', 'chhotaudepur_coupe', 'chhotaudepur_coupe', 'chhotaudepur_coupe', 'chhotaudepur_coupe', 'chhotaudepur_coupe', 'chhotaudepur_coupe', 'chhotaudepur_coupe', 'chhotaudepur_coupe', 'chhotaudepur_coupe', 'chhotaudepur_coupe', 'chhotaudepur_coupe', 'chhotaudepur_coupe', 'chhotaudepur_coupe', 'chhotaudepur_coupe', 'chhotaudepur_coupe', 'chhotaudepur_coupe', 'chhotaudepur_coupe', 'chhotaudepur_coupe', 'chhotaudepur_coupe', 'chhotaudepur_coupe', 'chhotaudepur_coupe', 'chhotaudepur_coupe', 'chhotaudepur_coupe', 'chhotaudepur_coupe', 'chhotaudepur_coupe', 'chhotaudepur_coupe', 'chhotaudepur_coupe', 'chhotaudepur_coupe', 'chhotaudepur_coupe', 'chhotaudepur_coupe', 'chhotaudepur_coupe', 'chhotaudepur_coupe', 'chhotaudepur_coupe', 'chhotaudepur_coupe', 'chhotaudepur_coupe', 'chhotaudepur_coupe', 'chhotaudepur_coupe', 'chhotaudepur_coupe', 'chhotaudepur_coupe', 'chhotaudepur_coupe', 'chhotaudepur_coupe', 'chhotaudepur_coupe', 'chhotaudepur_coupe', 'chhotaudepur_coupe', 'chhotaudepur_coupe', 'chhotaudepur_coupe', 'chhotaudepur_coupe', 'chhotaudepur_coupe', 'chhotaudepur_coupe', 'chhotaudepur_coupe', 'chhotaudepur_coupe', 'chhotaudepur_coupe', 'chhotaudepur_coupe', 'chhotaudepur_coupe', 'chhotaudepur_coupe', 'chhotaudepur_coupe', 'chhotaudepur_coupe', 'chhotaudepur_coupe', 'chhotaudepur_coupe', 'chhotaudepur_coupe', 'chhotaudepur_coupe', 'chhotaudepur_coupe', 'chhotaudepur_coupe', 'chhotaudepur_coupe', 'chhotaudepur_coupe', 'chhotaudepur_coupe', 'chhotaudepur_coupe', 'chhotaudepur_coupe', 'chhotaudepur_coupe', 'chhotaudepur_coupe', 'chhotaudepur_coupe', 'chhotaudepur_coupe', 'chhotaudepur_coupe', 'chhotaudepur_coupe', 'chhotaudepur_coupe', 'chhotaudepur_coupe', 'chhotaudepur_coupe', 'chhotaudepur_coupe', 'chhotaudepur_coupe', 'chhotaudepur_coupe', 'chhotaudepur_coupe', 'chhotaudepur_coupe', 'chhotaudepur_coupe', 'chhotaudepur_coupe', 'chhotaudepur_coupe', 'chhotaudepur_coupe', 'chhotaudepur_coupe', 'chhotaudepur_coupe', 'chhotaudepur_coupe', 'chhotaudepur_coupe', 'chhotaudepur_coupe', 'chhotaudepur_coupe', 'chhotaudepur_coupe', 'chhotaudepur_coupe', 'chhotaudepur_coupe', 'chhotaudepur_coupe', 'chhotaudepur_coupe', 'chhotaudepur_coupe', 'chhotaudepur_coupe', 'chhotaudepur_coupe', 'chhotaudepur_coupe', 'chhotaudepur_coupe', 'chhotaudepur_coupe', 'chhotaudepur_coupe', 'chhotaudepur_coupe', 'chhotaudepur_coupe', 'chhotaudepur_coupe', 'chhotaudepur_coupe', 'chhotaudepur_coupe', 'chhotaudepur_coupe', 'chhotaudepur_coupe', 'chhotaudepur_coupe', 'chhotaudepur_coupe', 'chhotaudepur_coupe', 'chhotaudepur_coupe', 'chhotaudepur_coupe', 'chhotaudepur_coupe', 'chhotaudepur_coupe', 'chhotaudepur_coupe', 'chhotaudepur_coupe', 'chhotaudepur_coupe', 'chhotaudepur_coupe', 'chhotaudepur_coupe', 'chhotaudepur_coupe', 'chhotaudepur_coupe', 'chhotaudepur_coupe', 'chhotaudepur_coupe', 'chhotaudepur_coupe', 'chhotaudepur_coupe', 'chhotaudepur_coupe', 'chhotaudepur_coupe', 'chhotaudepur_coupe', 'chhotaudepur_coupe', 'chhotaudepur_coupe', 'chhotaudepur_coupe', 'chhotaudepur_coupe', 'chhotaudepur_coupe', 'chhotaudepur_coupe', 'chhotaudepur_coupe', 'chhotaudepur_coupe', 'chhotaudepur_coupe', 'chhotaudepur_coupe', 'chhotaudepur_coupe', 'chhotaudepur_coupe', 'chhotaudepur_coupe', 'chhotaudepur_coupe', 'chhotaudepur_coupe', 'chhotaudepur_coupe', 'chhotaudepur_coupe', 'chhotaudepur_coupe', 'chhotaudepur_coupe', 'chhotaudepur_coupe', 'chhotaudepur_coupe', 'chhotaudepur_coupe', 'chhotaudepur_coupe', 'chhotaudepur_coupe', 'chhotaudepur_coupe', 'chhotaudepur_coupe', 'chhotaudepur_coupe', 'chhotaudepur_coupe', 'chhotaudepur_coupe', 'chhotaudepur_coupe', 'chhotaudepur_coupe', 'chhotaudepur_coupe', 'chhotaudepur_coupe', 'chhotaudepur_coupe', 'chhotaudepur_coupe', 'chhotaudepur_coupe', 'chhotaudepur_coupe', 'chhotaudepur_coupe', 'chhotaudepur_coupe', 'chhotaudepur_coupe', 'chhotaudepur_coupe', 'chhotaudepur_coupe', 'chhotaudepur_coupe', 'chhotaudepur_coupe', 'chhotaudepur_coupe', 'chhotaudepur_coupe', 'chhotaudepur_coupe', 'chhotaudepur_coupe', 'chhotaudepur_coupe', 'chhotaudepur_coupe', 'chhotaudepur_coupe', 'chhotaudepur_coupe', 'chhotaudepur_coupe', 'chhotaudepur_coupe', 'chhotaudepur_coupe', 'gandhinagar_coupe', 'gandhinagar_coupe', 'gandhinagar_coupe', 'gandhinagar_coupe', 'gandhinagar_coupe', 'gandhinagar_coupe', 'gandhinagar_coupe', 'gandhinagar_coupe', 'gandhinagar_coupe', 'gandhinagar_coupe', 'gandhinagar_coupe', 'gandhinagar_coupe', 'gandhinagar_coupe', 'gandhinagar_coupe', 'gandhinagar_coupe', 'gandhinagar_coupe', 'gandhinagar_coupe', 'gandhinagar_coupe', 'gandhinagar_coupe', 'gandhinagar_coupe', 'gandhinagar_coupe', 'gandhinagar_coupe', 'gandhinagar_coupe', 'gandhinagar_coupe', 'gandhinagar_coupe', 'gandhinagar_coupe', 'gandhinagar_coupe', 'gandhinagar_coupe', 'gandhinagar_coupe', 'gandhinagar_coupe', 'gandhinagar_coupe', 'gandhinagar_coupe', 'gandhinagar_coupe', 'gandhinagar_coupe', 'gandhinagar_coupe', 'gandhinagar_coupe', 'gandhinagar_coupe', 'gandhinagar_coupe', 'gandhinagar_coupe', 'gandhinagar_coupe', 'gandhinagar_coupe', 'gandhinagar_coupe', 'gandhinagar_coupe', 'gandhinagar_coupe', 'gandhinagar_coupe', 'gandhinagar_coupe', 'gandhinagar_coupe', 'gandhinagar_coupe', 'godhara_coupe', 'godhara_coupe', 'godhara_coupe', 'godhara_coupe', 'godhara_coupe', 'godhara_coupe', 'godhara_coupe', 'godhara_coupe', 'godhara_coupe', 'godhara_coupe', 'godhara_coupe', 'godhara_coupe', 'godhara_coupe', 'godhara_coupe', 'godhara_coupe', 'godhara_coupe', 'godhara_coupe', 'godhara_coupe', 'godhara_coupe', 'godhara_coupe', 'godhara_coupe', 'godhara_coupe', 'godhara_coupe', 'godhara_coupe', 'godhara_coupe', 'godhara_coupe', 'godhara_coupe', 'godhara_coupe', 'godhara_coupe', 'godhara_coupe', 'godhara_coupe', 'godhara_coupe', 'godhara_coupe', 'godhara_coupe', 'godhara_coupe', 'godhara_coupe', 'godhara_coupe', 'godhara_coupe', 'godhara_coupe', 'godhara_coupe', 'godhara_coupe', 'godhara_coupe', 'godhara_coupe', 'godhara_coupe', 'godhara_coupe', 'godhara_coupe', 'godhara_coupe', 'godhara_coupe', 'godhara_coupe', 'godhara_coupe', 'godhara_coupe', 'godhara_coupe', 'godhara_coupe', 'godhara_coupe', 'godhara_coupe', 'godhara_coupe', 'godhara_coupe', 'godhara_coupe', 'godhara_coupe', 'godhara_coupe', 'godhara_coupe', 'godhara_coupe', 'godhara_coupe', 'godhara_coupe', 'godhara_coupe', 'godhara_coupe', 'godhara_coupe', 'godhara_coupe', 'godhara_coupe', 'godhara_coupe', 'godhara_coupe', 'godhara_coupe', 'godhara_coupe', 'godhara_coupe', 'godhara_coupe', 'godhara_coupe', 'godhara_coupe', 'godhara_coupe', 'godhara_coupe', 'godhara_coupe', 'godhara_coupe', 'godhara_coupe', 'godhara_coupe', 'godhara_coupe', 'godhara_coupe', 'godhara_coupe', 'godhara_coupe', 'godhara_coupe', 'godhara_coupe', 'godhara_coupe', 'godhara_coupe', 'godhara_coupe', 'godhara_coupe', 'godhara_coupe', 'godhara_coupe', 'godhara_coupe', 'godhara_coupe', 'godhara_coupe', 'godhara_coupe', 'godhara_coupe', 'godhara_coupe', 'godhara_coupe', 'godhara_coupe', 'godhara_coupe', 'godhara_coupe', 'godhara_coupe', 'godhara_coupe', 'godhara_coupe', 'godhara_coupe', 'godhara_coupe', 'godhara_coupe', 'godhara_coupe', 'godhara_coupe', 'godhara_coupe', 'godhara_coupe', 'godhara_coupe', 'godhara_coupe', 'godhara_coupe', 'godhara_coupe', 'godhara_coupe', 'godhara_coupe', 'godhara_coupe', 'godhara_coupe', 'godhara_coupe', 'godhara_coupe', 'godhara_coupe', 'godhara_coupe', 'godhara_coupe', 'godhara_coupe', 'godhara_coupe', 'godhara_coupe', 'godhara_coupe', 'godhara_coupe', 'godhara_coupe', 'godhara_coupe', 'godhara_coupe', 'godhara_coupe', 'godhara_coupe', 'godhara_coupe', 'godhara_coupe', 'godhara_coupe', 'godhara_coupe', 'godhara_coupe', 'godhara_coupe', 'godhara_coupe', 'godhara_coupe', 'godhara_coupe', 'godhara_coupe', 'godhara_coupe', 'godhara_coupe', 'godhara_coupe', 'godhara_coupe', 'godhara_coupe', 'godhara_coupe', 'godhara_coupe', 'godhara_coupe', 'godhara_coupe', 'godhara_coupe', 'godhara_coupe', 'godhara_coupe', 'godhara_coupe', 'godhara_coupe', 'godhara_coupe', 'godhara_coupe', 'godhara_coupe', 'godhara_coupe', 'godhara_coupe', 'godhara_coupe', 'godhara_coupe', 'godhara_coupe', 'godhara_coupe', 'godhara_coupe', 'godhara_coupe', 'godhara_coupe', 'godhara_coupe', 'godhara_coupe', 'godhara_coupe', 'godhara_coupe', 'godhara_coupe', 'godhara_coupe', 'godhara_coupe', 'godhara_coupe', 'godhara_coupe', 'godhara_coupe', 'godhara_coupe', 'godhara_coupe', 'godhara_coupe', 'godhara_coupe', 'godhara_coupe', 'godhara_coupe', 'godhara_coupe', 'godhara_coupe', 'godhara_coupe', 'godhara_coupe', 'godhara_coupe', 'godhara_coupe', 'godhara_coupe', 'godhara_coupe', 'godhara_coupe', 'godhara_coupe', 'godhara_coupe', 'godhara_coupe', 'godhara_coupe', 'godhara_coupe', 'godhara_coupe', 'godhara_coupe', 'godhara_coupe', 'godhara_coupe', 'godhara_coupe', 'godhara_coupe', 'godhara_coupe', 'godhara_coupe', 'godhara_coupe', 'godhara_coupe', 'godhara_coupe', 'godhara_coupe', 'godhara_coupe', 'godhara_coupe', 'godhara_coupe', 'godhara_coupe', 'godhara_coupe', 'godhara_coupe', 'godhara_coupe', 'godhara_coupe', 'godhara_coupe', 'godhara_coupe', 'godhara_coupe', 'godhara_coupe', 'godhara_coupe', 'godhara_coupe', 'godhara_coupe', 'godhara_coupe', 'godhara_coupe', 'godhara_coupe', 'godhara_coupe', 'godhara_coupe', 'godhara_coupe', 'godhara_coupe', 'godhara_coupe', 'godhara_coupe', 'godhara_coupe', 'godhara_coupe', 'godhara_coupe', 'godhara_coupe', 'godhara_coupe', 'godhara_coupe', 'godhara_coupe', 'godhara_coupe', 'godhara_coupe', 'godhara_coupe', 'godhara_coupe', 'godhara_coupe', 'godhara_coupe', 'godhara_coupe', 'godhara_coupe', 'godhara_coupe', 'godhara_coupe', 'godhara_coupe', 'godhara_coupe', 'godhara_coupe', 'godhara_coupe', 'godhara_coupe', 'godhara_coupe', 'godhara_coupe', 'godhara_coupe', 'godhara_coupe', 'godhara_coupe', 'godhara_coupe', 'godhara_coupe', 'godhara_coupe', 'godhara_coupe', 'godhara_coupe', 'godhara_coupe', 'godhara_coupe', 'godhara_coupe', 'godhara_coupe', 'godhara_coupe', 'godhara_coupe', 'godhara_coupe', 'godhara_coupe', 'godhara_coupe', 'godhara_coupe', 'godhara_coupe', 'godhara_coupe', 'godhara_coupe', 'godhara_coupe', 'godhara_coupe', 'godhara_coupe', 'godhara_coupe', 'godhara_coupe', 'godhara_coupe', 'godhara_coupe', 'godhara_coupe', 'godhara_coupe', 'godhara_coupe', 'godhara_coupe', 'godhara_coupe', 'godhara_coupe', 'godhara_coupe', 'godhara_coupe', 'godhara_coupe', 'godhara_coupe', 'godhara_coupe', 'godhara_coupe', 'godhara_coupe', 'godhara_coupe', 'godhara_coupe', 'godhara_coupe', 'godhara_coupe', 'godhara_coupe', 'godhara_coupe', 'godhara_coupe', 'godhara_coupe', 'godhara_coupe', 'godhara_coupe', 'godhara_coupe', 'godhara_coupe', 'godhara_coupe', 'godhara_coupe', 'godhara_coupe', 'godhara_coupe', 'godhara_coupe', 'godhara_coupe', 'godhara_coupe', 'godhara_coupe', 'godhara_coupe', 'godhara_coupe', 'godhara_coupe', 'godhara_coupe', 'godhara_coupe', 'godhara_coupe', 'godhara_coupe', 'godhara_coupe', 'godhara_coupe', 'godhara_coupe', 'godhara_coupe', 'godhara_coupe', 'godhara_coupe', 'godhara_coupe', 'godhara_coupe', 'godhara_coupe', 'godhara_coupe', 'godhara_coupe', 'godhara_coupe', 'godhara_coupe', 'godhara_coupe', 'godhara_coupe', 'godhara_coupe', 'godhara_coupe', 'godhara_coupe', 'godhara_coupe', 'godhara_coupe', 'godhara_coupe', 'godhara_coupe', 'godhara_coupe', 'godhara_coupe', 'godhara_coupe', 'godhara_coupe', 'godhara_coupe', 'godhara_coupe', 'godhara_coupe', 'godhara_coupe', 'godhara_coupe', 'godhara_coupe', 'godhara_coupe', 'godhara_coupe', 'godhara_coupe', 'godhara_coupe', 'godhara_coupe', 'godhara_coupe', 'godhara_coupe', 'godhara_coupe', 'godhara_coupe', 'godhara_coupe', 'godhara_coupe', 'godhara_coupe', 'godhara_coupe', 'godhara_coupe', 'godhara_coupe', 'godhara_coupe', 'godhara_coupe', 'godhara_coupe', 'godhara_coupe', 'godhara_coupe', 'godhara_coupe', 'godhara_coupe', 'godhara_coupe', 'godhara_coupe', 'godhara_coupe', 'godhara_coupe', 'godhara_coupe', 'godhara_coupe', 'godhara_coupe', 'godhara_coupe', 'godhara_coupe', 'godhara_coupe', 'godhara_coupe', 'godhara_coupe', 'godhara_coupe', 'godhara_coupe', 'godhara_coupe', 'godhara_coupe', 'godhara_coupe', 'godhara_coupe', 'godhara_coupe', 'godhara_coupe', 'godhara_coupe', 'godhara_coupe', 'godhara_coupe', 'godhara_coupe', 'godhara_coupe', 'godhara_coupe', 'godhara_coupe', 'godhara_coupe', 'godhara_coupe', 'godhara_coupe', 'godhara_coupe', 'godhara_coupe', 'godhara_coupe', 'godhara_coupe', 'godhara_coupe', 'godhara_coupe', 'godhara_coupe', 'godhara_coupe', 'godhara_coupe', 'godhara_coupe', 'godhara_coupe', 'godhara_coupe', 'godhara_coupe', 'godhara_coupe', 'godhara_coupe', 'godhara_coupe', 'godhara_coupe', 'godhara_coupe', 'godhara_coupe', 'godhara_coupe', 'godhara_coupe', 'godhara_coupe', 'godhara_coupe', 'godhara_coupe', 'godhara_coupe', 'godhara_coupe', 'godhara_coupe', 'godhara_coupe', 'godhara_coupe', 'godhara_coupe', 'godhara_coupe', 'godhara_coupe', 'godhara_coupe', 'godhara_coupe', 'godhara_coupe', 'godhara_coupe', 'godhara_coupe', 'godhara_coupe', 'godhara_coupe', 'godhara_coupe', 'godhara_coupe', 'godhara_coupe', 'godhara_coupe', 'godhara_coupe', 'godhara_coupe', 'godhara_coupe', 'godhara_coupe', 'godhara_coupe', 'godhara_coupe', 'godhara_coupe', 'godhara_coupe', 'godhara_coupe', 'godhara_coupe', 'godhara_coupe', 'godhara_coupe', 'godhara_coupe', 'godhara_coupe', 'godhara_coupe', 'godhara_coupe', 'godhara_coupe', 'godhara_coupe', 'jamnagar_coupe', 'jamnagar_coupe', 'jamnagar_coupe', 'jamnagar_coupe', 'jamnagar_coupe', 'jamnagar_coupe', 'jamnagar_coupe', 'jamnagar_coupe', 'jamnagar_coupe', 'jamnagar_coupe', 'jamnagar_coupe', 'jamnagar_coupe', 'jamnagar_coupe', 'jamnagar_coupe', 'jamnagar_coupe', 'jamnagar_coupe', 'jamnagar_coupe', 'jamnagar_coupe', 'jamnagar_coupe', 'jamnagar_coupe', 'jamnagar_coupe', 'jamnagar_coupe', 'jamnagar_coupe', 'jamnagar_coupe', 'jamnagar_coupe', 'jamnagar_coupe', 'jamnagar_coupe', 'jamnagar_coupe', 'jamnagar_coupe', 'jamnagar_coupe', 'jamnagar_coupe', 'jamnagar_coupe', 'jamnagar_coupe', 'jamnagar_coupe', 'jamnagar_coupe', 'jamnagar_coupe', 'jamnagar_coupe', 'jamnagar_coupe', 'jamnagar_coupe', 'jamnagar_coupe', 'jamnagar_coupe', 'jamnagar_coupe', 'jamnagar_coupe', 'jamnagar_coupe', 'jamnagar_coupe', 'jamnagar_coupe', 'jamnagar_coupe', 'jamnagar_coupe', 'jamnagar_coupe', 'jamnagar_coupe', 'jamnagar_coupe', 'jamnagar_coupe', 'jamnagar_coupe', 'jamnagar_coupe', 'jamnagar_coupe', 'jamnagar_coupe', 'jamnagar_coupe', 'jamnagar_coupe', 'jamnagar_coupe', 'jamnagar_coupe', 'jamnagar_coupe', 'jamnagar_coupe', 'jamnagar_coupe', 'jamnagar_coupe', 'jamnagar_coupe', 'jamnagar_coupe', 'jamnagar_coupe', 'jamnagar_coupe', 'jamnagar_coupe', 'jamnagar_coupe', 'jamnagar_coupe', 'jamnagar_coupe', 'jamnagar_coupe', 'jamnagar_coupe', 'jamnagar_coupe', 'jamnagar_coupe', 'jamnagar_coupe', 'jamnagar_coupe', 'jamnagar_coupe', 'jamnagar_coupe', 'jamnagar_coupe', 'jamnagar_coupe', 'jamnagar_coupe', 'jamnagar_coupe', 'jamnagar_coupe', 'jamnagar_coupe', 'jamnagar_coupe', 'jamnagar_coupe', 'jamnagar_coupe', 'jamnagar_coupe', 'jamnagar_coupe', 'jamnagar_coupe', 'jamnagar_coupe', 'jamnagar_coupe', 'jamnagar_coupe', 'jamnagar_coupe', 'jamnagar_coupe', 'jamnagar_coupe', 'jamnagar_coupe', 'jamnagar_coupe', 'jamnagar_coupe', 'jamnagar_coupe', 'jamnagar_coupe', 'jamnagar_coupe', 'jamnagar_coupe', 'jamnagar_coupe', 'jamnagar_coupe', 'jamnagar_coupe', 'jamnagar_coupe', 'jamnagar_coupe', 'jamnagar_coupe', 'jamnagar_coupe', 'jamnagar_coupe', 'jamnagar_coupe', 'jamnagar_coupe', 'jamnagar_coupe', 'jamnagar_coupe', 'jamnagar_coupe', 'jamnagar_coupe', 'jamnagar_coupe', 'jamnagar_coupe', 'jamnagar_coupe', 'jamnagar_coupe', 'jamnagar_coupe', 'jamnagar_coupe', 'jamnagar_coupe', 'jamnagar_coupe', 'jamnagar_coupe', 'jamnagar_coupe', 'jamnagar_coupe', 'jamnagar_coupe', 'jamnagar_coupe', 'jamnagar_coupe', 'jamnagar_coupe', 'jamnagar_coupe', 'jamnagar_coupe', 'jamnagar_coupe', 'jamnagar_coupe', 'jamnagar_coupe', 'jamnagar_coupe', 'jamnagar_coupe', 'jamnagar_coupe', 'jamnagar_coupe', 'jamnagar_coupe', 'jamnagar_coupe', 'jamnagar_coupe', 'jamnagar_coupe', 'jamnagar_coupe', 'jamnagar_coupe', 'jamnagar_coupe', 'jamnagar_coupe', 'jamnagar_coupe', 'jamnagar_coupe', 'jamnagar_coupe', 'jamnagar_coupe', 'jamnagar_coupe', 'jamnagar_coupe', 'jamnagar_coupe', 'jamnagar_coupe', 'jamnagar_coupe', 'jamnagar_coupe', 'jamnagar_coupe', 'jamnagar_coupe', 'jamnagar_coupe', 'jamnagar_coupe', 'jamnagar_coupe', 'jamnagar_coupe', 'jamnagar_coupe', 'jamnagar_coupe', 'jamnagar_coupe', 'jamnagar_coupe', 'jamnagar_coupe', 'jamnagar_coupe', 'jamnagar_coupe', 'jamnagar_coupe', 'jamnagar_coupe', 'jamnagar_coupe', 'jamnagar_coupe', 'jamnagar_coupe', 'jamnagar_coupe', 'jamnagar_coupe', 'jamnagar_coupe', 'jamnagar_coupe', 'jamnagar_coupe', 'jamnagar_coupe', 'jamnagar_coupe', 'jamnagar_coupe', 'jamnagar_coupe', 'jamnagar_coupe', 'jamnagar_coupe', 'jamnagar_coupe', 'jamnagar_coupe', 'jamnagar_coupe', 'jamnagar_coupe', 'jamnagar_coupe', 'jamnagar_coupe', 'jamnagar_coupe', 'jamnagar_coupe', 'jamnagar_coupe', 'jamnagar_coupe', 'jamnagar_coupe', 'jamnagar_coupe', 'jamnagar_coupe', 'jamnagar_coupe', 'jamnagar_coupe', 'jamnagar_coupe', 'jamnagar_coupe', 'jamnagar_coupe', 'jamnagar_coupe', 'jamnagar_coupe', 'jamnagar_coupe', 'jamnagar_coupe', 'jamnagar_coupe', 'jamnagar_coupe', 'jamnagar_coupe', 'jamnagar_coupe', 'jamnagar_coupe', 'jamnagar_coupe', 'jamnagar_coupe', 'jamnagar_coupe', 'jamnagar_coupe', 'jamnagar_coupe', 'jamnagar_coupe', 'jamnagar_coupe', 'jamnagar_coupe', 'jamnagar_coupe', 'jamnagar_coupe', 'jamnagar_coupe', 'jamnagar_coupe', 'jamnagar_coupe', 'jamnagar_coupe', 'jamnagar_coupe', 'jamnagar_coupe', 'jamnagar_coupe', 'jamnagar_coupe', 'jamnagar_coupe', 'jamnagar_coupe', 'jamnagar_coupe', 'jamnagar_coupe', 'jamnagar_coupe', 'jamnagar_coupe', 'jamnagar_coupe', 'jamnagar_coupe', 'jamnagar_coupe', 'jamnagar_coupe', 'jamnagar_coupe', 'jamnagar_coupe', 'junagadh_coupe', 'junagadh_coupe', 'junagadh_coupe', 'junagadh_coupe', 'junagadh_coupe', 'junagadh_coupe', 'junagadh_coupe', 'junagadh_coupe', 'junagadh_coupe', 'junagadh_coupe', 'junagadh_coupe', 'junagadh_coupe', 'junagadh_coupe', 'junagadh_coupe', 'junagadh_coupe', 'junagadh_coupe', 'junagadh_coupe', 'junagadh_coupe', 'junagadh_coupe', 'junagadh_coupe', 'junagadh_coupe', 'junagadh_coupe', 'junagadh_coupe', 'junagadh_coupe', 'junagadh_coupe', 'junagadh_coupe', 'junagadh_coupe', 'junagadh_coupe', 'junagadh_coupe', 'junagadh_coupe', 'junagadh_coupe', 'junagadh_coupe', 'junagadh_coupe', 'junagadh_coupe', 'junagadh_coupe', 'junagadh_coupe', 'junagadh_coupe', 'junagadh_coupe', 'junagadh_coupe', 'junagadh_coupe', 'junagadh_coupe', 'junagadh_coupe', 'junagadh_coupe', 'junagadh_coupe', 'junagadh_coupe', 'junagadh_coupe', 'junagadh_coupe', 'junagadh_coupe', 'junagadh_coupe', 'junagadh_coupe', 'junagadh_coupe', 'junagadh_coupe', 'junagadh_coupe', 'junagadh_coupe', 'junagadh_coupe', 'junagadh_coupe', 'junagadh_coupe', 'junagadh_coupe', 'junagadh_coupe', 'junagadh_coupe', 'junagadh_coupe', 'junagadh_coupe', 'junagadh_coupe', 'junagadh_coupe', 'junagadh_coupe', 'junagadh_coupe', 'junagadh_coupe', 'junagadh_coupe', 'junagadh_coupe', 'junagadh_coupe', 'junagadh_coupe', 'junagadh_coupe', 'junagadh_coupe', 'junagadh_coupe', 'junagadh_coupe', 'junagadh_coupe', 'junagadh_coupe', 'junagadh_coupe', 'junagadh_coupe', 'junagadh_coupe', 'junagadh_coupe', 'junagadh_coupe', 'junagadh_coupe', 'junagadh_coupe', 'junagadh_coupe', 'junagadh_coupe', 'junagadh_coupe', 'junagadh_coupe', 'junagadh_coupe', 'junagadh_coupe', 'junagadh_coupe', 'junagadh_coupe', 'junagadh_coupe', 'junagadh_coupe', 'junagadh_coupe', 'junagadh_coupe', 'junagadh_coupe', 'junagadh_coupe', 'junagadh_coupe', 'junagadh_coupe', 'junagadh_coupe', 'junagadh_coupe', 'junagadh_coupe', 'junagadh_coupe', 'junagadh_coupe', 'junagadh_coupe', 'junagadh_coupe', 'junagadh_coupe', 'junagadh_coupe', 'junagadh_coupe', 'junagadh_coupe', 'junagadh_coupe', 'junagadh_coupe', 'junagadh_coupe', 'junagadh_coupe', 'junagadh_coupe', 'junagadh_coupe', 'junagadh_coupe', 'junagadh_coupe', 'junagadh_coupe', 'junagadh_coupe', 'junagadh_coupe', 'junagadh_coupe', 'junagadh_coupe', 'junagadh_coupe', 'junagadh_coupe', 'junagadh_coupe', 'junagadh_coupe', 'junagadh_coupe', 'junagadh_coupe', 'junagadh_coupe', 'junagadh_coupe', 'junagadh_coupe', 'junagadh_coupe', 'junagadh_coupe', 'junagadh_coupe', 'junagadh_coupe', 'junagadh_coupe', 'junagadh_coupe', 'junagadh_coupe', 'junagadh_coupe', 'junagadh_coupe', 'junagadh_coupe', 'junagadh_coupe', 'junagadh_coupe', 'junagadh_coupe', 'junagadh_coupe', 'junagadh_coupe', 'junagadh_coupe', 'junagadh_coupe', 'junagadh_coupe', 'junagadh_coupe', 'junagadh_coupe', 'junagadh_coupe', 'junagadh_coupe', 'junagadh_coupe', 'junagadh_coupe', 'junagadh_coupe', 'junagadh_coupe', 'junagadh_coupe', 'junagadh_coupe', 'junagadh_coupe', 'junagadh_coupe', 'junagadh_coupe', 'junagadh_coupe', 'junagadh_coupe', 'junagadh_coupe', 'junagadh_coupe', 'junagadh_coupe', 'junagadh_coupe', 'junagadh_coupe', 'junagadh_coupe', 'junagadh_coupe', 'junagadh_coupe', 'junagadh_coupe', 'morbi_coupe', 'morbi_coupe', 'morbi_coupe', 'morbi_coupe', 'morbi_coupe', 'morbi_coupe', 'morbi_coupe', 'morbi_coupe', 'morbi_coupe', 'morbi_coupe', 'morbi_coupe', 'morbi_coupe', 'morbi_coupe', 'morbi_coupe', 'morbi_coupe', 'morbi_coupe', 'morbi_coupe', 'morbi_coupe', 'morbi_coupe', 'morbi_coupe', 'morbi_coupe', 'morbi_coupe', 'morbi_coupe', 'morbi_coupe', 'morbi_coupe', 'morbi_coupe', 'morbi_coupe', 'morbi_coupe', 'morbi_coupe', 'morbi_coupe', 'morbi_coupe', 'morbi_coupe', 'morbi_coupe', 'morbi_coupe', 'morbi_coupe', 'morbi_coupe', 'morbi_coupe', 'morbi_coupe', 'morbi_coupe', 'morbi_coupe', 'morbi_coupe', 'morbi_coupe', 'morbi_coupe', 'morbi_coupe', 'morbi_coupe', 'morbi_coupe', 'morbi_coupe', 'morbi_coupe', 'morbi_coupe', 'morbi_coupe', 'morbi_coupe', 'morbi_coupe', 'morbi_coupe', 'morbi_coupe', 'morbi_coupe', 'morbi_coupe', 'morbi_coupe', 'morbi_coupe', 'morbi_coupe', 'morbi_coupe', 'morbi_coupe', 'morbi_coupe', 'morbi_coupe', 'morbi_coupe', 'morbi_coupe', 'morbi_coupe', 'morbi_coupe', 'morbi_coupe', 'morbi_coupe', 'morbi_coupe', 'morbi_coupe', 'morbi_coupe', 'morbi_coupe', 'morbi_coupe', 'morbi_coupe', 'morbi_coupe', 'morbi_coupe', 'morbi_coupe', 'morbi_coupe', 'morbi_coupe', 'morbi_coupe', 'morbi_coupe', 'morbi_coupe', 'morbi_coupe', 'morbi_coupe', 'morbi_coupe', 'morbi_coupe', 'morbi_coupe', 'morbi_coupe', 'morbi_coupe', 'morbi_coupe', 'morbi_coupe', 'morbi_coupe', 'morbi_coupe', 'morbi_coupe', 'morbi_coupe', 'morbi_coupe', 'morbi_coupe', 'morbi_coupe', 'morbi_coupe', 'morbi_coupe', 'morbi_coupe', 'morbi_coupe', 'morbi_coupe', 'morbi_coupe', 'morbi_coupe', 'morbi_coupe', 'morbi_coupe', 'morbi_coupe', 'morbi_coupe', 'morbi_coupe', 'morbi_coupe', 'morbi_coupe', 'morbi_coupe', 'morbi_coupe', 'morbi_coupe', 'morbi_coupe', 'morbi_coupe', 'morbi_coupe', 'morbi_coupe', 'morbi_coupe', 'morbi_coupe', 'morbi_coupe', 'morbi_coupe', 'morbi_coupe', 'morbi_coupe', 'morbi_coupe', 'morbi_coupe', 'morbi_coupe', 'morbi_coupe', 'morbi_coupe', 'morbi_coupe', 'morbi_coupe', 'morbi_coupe', 'morbi_coupe', 'morbi_coupe', 'morbi_coupe', 'morbi_coupe', 'morbi_coupe', 'morbi_coupe', 'morbi_coupe', 'morbi_coupe', 'morbi_coupe', 'morbi_coupe', 'morbi_coupe', 'morbi_coupe', 'morbi_coupe', 'morbi_coupe', 'morbi_coupe', 'morbi_coupe', 'morbi_coupe', 'morbi_coupe', 'morbi_coupe', 'morbi_coupe', 'morbi_coupe', 'morbi_coupe', 'morbi_coupe', 'morbi_coupe', 'morbi_coupe', 'morbi_coupe', 'morbi_coupe', 'morbi_coupe', 'morbi_coupe', 'morbi_coupe', 'morbi_coupe', 'morbi_coupe', 'morbi_coupe', 'morbi_coupe', 'morbi_coupe', 'morbi_coupe', 'morbi_coupe', 'morbi_coupe', 'morbi_coupe', 'morbi_coupe', 'morbi_coupe', 'morbi_coupe', 'morbi_coupe', 'morbi_coupe', 'morbi_coupe', 'morbi_coupe', 'morbi_coupe', 'morbi_coupe', 'morbi_coupe', 'morbi_coupe', 'morbi_coupe', 'morbi_coupe', 'morbi_coupe', 'morbi_coupe', 'morbi_coupe', 'morbi_coupe', 'morbi_coupe', 'morbi_coupe', 'morbi_coupe', 'morbi_coupe', 'morbi_coupe', 'morbi_coupe', 'morbi_coupe', 'morbi_coupe', 'morbi_coupe', 'morbi_coupe', 'morbi_coupe', 'morbi_coupe', 'morbi_coupe', 'morbi_coupe', 'morbi_coupe', 'morbi_coupe', 'morbi_coupe', 'morbi_coupe', 'morbi_coupe', 'morbi_coupe', 'morbi_coupe', 'morbi_coupe', 'morbi_coupe', 'morbi_coupe', 'morbi_coupe', 'morbi_coupe', 'morbi_coupe', 'morbi_coupe', 'morbi_coupe', 'morbi_coupe', 'morbi_coupe', 'morbi_coupe', 'morbi_coupe', 'morbi_coupe', 'morbi_coupe', 'morbi_coupe', 'morbi_coupe', 'morbi_coupe', 'morbi_coupe', 'morbi_coupe', 'morbi_coupe', 'morbi_coupe', 'morbi_coupe', 'morbi_coupe', 'morbi_coupe', 'morbi_coupe', 'morbi_coupe', 'morbi_coupe', 'morbi_coupe', 'morbi_coupe', 'morbi_coupe', 'morbi_coupe', 'morbi_coupe', 'morbi_coupe', 'morbi_coupe', 'morbi_coupe', 'morbi_coupe', 'morbi_coupe', 'morbi_coupe', 'morbi_coupe', 'morbi_coupe', 'morbi_coupe', 'morbi_coupe', 'morbi_coupe', 'morbi_coupe', 'morbi_coupe', 'morbi_coupe', 'morbi_coupe', 'morbi_coupe', 'morbi_coupe', 'morbi_coupe', 'morbi_coupe', 'morbi_coupe', 'morbi_coupe', 'morbi_coupe', 'morbi_coupe', 'morbi_coupe', 'morbi_coupe', 'morbi_coupe', 'morbi_coupe', 'morbi_coupe', 'morbi_coupe', 'morbi_coupe', 'morbi_coupe', 'morbi_coupe', 'morbi_coupe', 'morbi_coupe', 'morbi_coupe', 'morbi_coupe', 'morbi_coupe', 'morbi_coupe', 'morbi_coupe', 'morbi_coupe', 'morbi_coupe', 'morbi_coupe', 'morbi_coupe', 'morbi_coupe', 'morbi_coupe', 'morbi_coupe', 'morbi_coupe', 'morbi_coupe', 'morbi_coupe', 'morbi_coupe', 'morbi_coupe', 'morbi_coupe', 'morbi_coupe', 'morbi_coupe', 'morbi_coupe', 'morbi_coupe', 'morbi_coupe', 'morbi_coupe', 'morbi_coupe', 'morbi_coupe', 'morbi_coupe', 'morbi_coupe', 'morbi_coupe', 'morbi_coupe', 'morbi_coupe', 'morbi_coupe', 'morbi_coupe', 'morbi_coupe', 'morbi_coupe', 'morbi_coupe', 'morbi_coupe', 'morbi_coupe', 'morbi_coupe', 'morbi_coupe', 'morbi_coupe', 'morbi_coupe', 'morbi_coupe', 'morbi_coupe', 'morbi_coupe', 'morbi_coupe', 'morbi_coupe', 'morbi_coupe', 'morbi_coupe', 'morbi_coupe', 'narmada_coupe', 'narmada_coupe', 'narmada_coupe', 'narmada_coupe', 'narmada_coupe', 'narmada_coupe', 'narmada_coupe', 'narmada_coupe', 'narmada_coupe', 'narmada_coupe', 'narmada_coupe', 'narmada_coupe', 'narmada_coupe', 'narmada_coupe', 'narmada_coupe', 'narmada_coupe', 'narmada_coupe', 'narmada_coupe', 'narmada_coupe', 'narmada_coupe', 'narmada_coupe', 'narmada_coupe', 'narmada_coupe', 'narmada_coupe', 'narmada_coupe', 'narmada_coupe', 'narmada_coupe', 'narmada_coupe', 'narmada_coupe', 'narmada_coupe', 'narmada_coupe', 'narmada_coupe', 'narmada_coupe', 'narmada_coupe', 'narmada_coupe', 'narmada_coupe', 'narmada_coupe', 'narmada_coupe', 'narmada_coupe', 'narmada_coupe', 'narmada_coupe', 'narmada_coupe', 'narmada_coupe', 'narmada_coupe', 'narmada_coupe', 'narmada_coupe', 'narmada_coupe', 'narmada_coupe', 'narmada_coupe', 'narmada_coupe', 'narmada_coupe', 'narmada_coupe', 'narmada_coupe', 'narmada_coupe', 'narmada_coupe', 'narmada_coupe', 'narmada_coupe', 'narmada_coupe', 'narmada_coupe', 'narmada_coupe', 'narmada_coupe', 'narmada_coupe', 'narmada_coupe', 'narmada_coupe', 'narmada_coupe', 'narmada_coupe', 'narmada_coupe', 'narmada_coupe', 'narmada_coupe', 'narmada_coupe', 'narmada_coupe', 'narmada_coupe', 'narmada_coupe', 'narmada_coupe', 'narmada_coupe', 'narmada_coupe', 'narmada_coupe', 'narmada_coupe', 'narmada_coupe', 'narmada_coupe', 'narmada_coupe', 'narmada_coupe', 'narmada_coupe', 'narmada_coupe', 'narmada_coupe', 'narmada_coupe', 'narmada_coupe', 'narmada_coupe', 'narmada_coupe', 'narmada_coupe', 'narmada_coupe', 'narmada_coupe', 'narmada_coupe', 'narmada_coupe', 'narmada_coupe', 'narmada_coupe', 'narmada_coupe', 'narmada_coupe', 'narmada_coupe', 'narmada_coupe', 'narmada_coupe', 'narmada_coupe', 'narmada_coupe', 'narmada_coupe', 'narmada_coupe', 'narmada_coupe', 'narmada_coupe', 'narmada_coupe', 'narmada_coupe', 'narmada_coupe', 'narmada_coupe', 'narmada_coupe', 'narmada_coupe', 'narmada_coupe', 'narmada_coupe', 'narmada_coupe', 'narmada_coupe', 'narmada_coupe', 'narmada_coupe', 'narmada_coupe', 'narmada_coupe', 'narmada_coupe', 'narmada_coupe', 'narmada_coupe', 'narmada_coupe', 'narmada_coupe', 'narmada_coupe', 'narmada_coupe', 'narmada_coupe', 'narmada_coupe', 'narmada_coupe', 'narmada_coupe', 'narmada_coupe', 'narmada_coupe', 'narmada_coupe', 'narmada_coupe', 'narmada_coupe', 'narmada_coupe', 'narmada_coupe', 'narmada_coupe', 'narmada_coupe', 'narmada_coupe', 'narmada_coupe', 'narmada_coupe', 'narmada_coupe', 'narmada_coupe', 'narmada_coupe', 'narmada_coupe', 'narmada_coupe', 'narmada_coupe', 'narmada_coupe', 'narmada_coupe', 'narmada_coupe', 'narmada_coupe', 'narmada_coupe', 'narmada_coupe', 'narmada_coupe', 'narmada_coupe', 'narmada_coupe', 'narmada_coupe', 'narmada_coupe', 'narmada_coupe', 'narmada_coupe', 'narmada_coupe', 'narmada_coupe', 'narmada_coupe', 'narmada_coupe', 'narmada_coupe', 'narmada_coupe', 'narmada_coupe', 'narmada_coupe', 'narmada_coupe', 'narmada_coupe', 'narmada_coupe', 'narmada_coupe', 'narmada_coupe', 'narmada_coupe', 'narmada_coupe', 'narmada_coupe', 'narmada_coupe', 'narmada_coupe', 'narmada_coupe', 'narmada_coupe', 'narmada_coupe', 'narmada_coupe', 'narmada_coupe', 'narmada_coupe', 'narmada_coupe', 'narmada_coupe', 'narmada_coupe', 'narmada_coupe', 'narmada_coupe', 'narmada_coupe', 'narmada_coupe', 'narmada_coupe', 'narmada_coupe', 'narmada_coupe', 'narmada_coupe', 'narmada_coupe', 'narmada_coupe', 'narmada_coupe', 'narmada_coupe', 'narmada_coupe', 'narmada_coupe', 'narmada_coupe', 'narmada_coupe', 'narmada_coupe', 'narmada_coupe', 'narmada_coupe', 'narmada_coupe', 'narmada_coupe', 'narmada_coupe', 'narmada_coupe', 'narmada_coupe', 'narmada_coupe', 'narmada_coupe', 'narmada_coupe', 'narmada_coupe', 'narmada_coupe', 'narmada_coupe', 'narmada_coupe', 'narmada_coupe', 'narmada_coupe', 'narmada_coupe', 'narmada_coupe', 'narmada_coupe', 'narmada_coupe', 'narmada_coupe', 'narmada_coupe', 'narmada_coupe', 'narmada_coupe', 'narmada_coupe', 'narmada_coupe', 'narmada_coupe', 'narmada_coupe', 'narmada_coupe', 'narmada_coupe', 'narmada_coupe', 'narmada_coupe', 'narmada_coupe', 'narmada_coupe', 'narmada_coupe', 'narmada_coupe', 'narmada_coupe', 'narmada_coupe', 'narmada_coupe', 'narmada_coupe', 'narmada_coupe', 'narmada_coupe', 'narmada_coupe', 'narmada_coupe', 'narmada_coupe', 'narmada_coupe', 'narmada_coupe', 'narmada_coupe', 'narmada_coupe', 'narmada_coupe', 'narmada_coupe', 'narmada_coupe', 'narmada_coupe', 'narmada_coupe', 'narmada_coupe', 'narmada_coupe', 'narmada_coupe', 'narmada_coupe', 'narmada_coupe', 'narmada_coupe', 'narmada_coupe', 'narmada_coupe', 'narmada_coupe', 'narmada_coupe', 'narmada_coupe', 'narmada_coupe', 'narmada_coupe', 'narmada_coupe', 'narmada_coupe', 'narmada_coupe', 'sabarkantha_south_coupe', 'sabarkantha_south_coupe', 'sabarkantha_south_coupe', 'sabarkantha_south_coupe', 'sabarkantha_south_coupe', 'sabarkantha_south_coupe', 'sabarkantha_south_coupe', 'sabarkantha_south_coupe', 'sabarkantha_south_coupe', 'sabarkantha_south_coupe', 'sabarkantha_south_coupe', 'sabarkantha_south_coupe', 'sabarkantha_south_coupe', 'sabarkantha_south_coupe', 'sabarkantha_south_coupe', 'sabarkantha_south_coupe', 'sabarkantha_south_coupe', 'sabarkantha_south_coupe', 'sabarkantha_south_coupe', 'sabarkantha_south_coupe', 'sabarkantha_south_coupe', 'sabarkantha_south_coupe', 'sabarkantha_south_coupe', 'sabarkantha_south_coupe', 'sabarkantha_south_coupe', 'sabarkantha_south_coupe', 'sabarkantha_south_coupe', 'sabarkantha_south_coupe', 'sabarkantha_south_coupe', 'sabarkantha_south_coupe', 'sabarkantha_south_coupe', 'sabarkantha_south_coupe', 'sabarkantha_south_coupe', 'sabarkantha_south_coupe', 'sabarkantha_south_coupe', 'sabarkantha_south_coupe', 'sabarkantha_south_coupe', 'sabarkantha_south_coupe', 'sabarkantha_south_coupe', 'sabarkantha_south_coupe', 'sabarkantha_south_coupe', 'sabarkantha_south_coupe', 'sabarkantha_south_coupe', 'sabarkantha_south_coupe', 'sabarkantha_south_coupe', 'sabarkantha_south_coupe', 'sabarkantha_south_coupe', 'sabarkantha_south_coupe', 'sabarkantha_south_coupe', 'sabarkantha_south_coupe', 'sabarkantha_south_coupe', 'sabarkantha_south_coupe', 'sabarkantha_south_coupe', 'sabarkantha_south_coupe', 'sabarkantha_south_coupe', 'sabarkantha_south_coupe', 'sabarkantha_south_coupe', 'sabarkantha_south_coupe', 'sabarkantha_south_coupe', 'sabarkantha_south_coupe', 'sabarkantha_south_coupe', 'sabarkantha_south_coupe', 'sabarkantha_south_coupe', 'sabarkantha_south_coupe', 'sabarkantha_south_coupe', 'sabarkantha_south_coupe', 'sabarkantha_south_coupe', 'sabarkantha_south_coupe', 'sabarkantha_south_coupe', 'sabarkantha_south_coupe', 'sabarkantha_south_coupe', 'sabarkantha_south_coupe', 'sabarkantha_south_coupe', 'sabarkantha_south_coupe', 'sabarkantha_south_coupe', 'sabarkantha_south_coupe', 'sabarkantha_south_coupe', 'sabarkantha_south_coupe', 'sabarkantha_south_coupe', 'sabarkantha_south_coupe', 'sabarkantha_south_coupe', 'sabarkantha_south_coupe', 'sabarkantha_south_coupe', 'sabarkantha_south_coupe', 'sabarkantha_south_coupe', 'sabarkantha_south_coupe', 'sabarkantha_south_coupe', 'sabarkantha_south_coupe', 'sabarkantha_south_coupe', 'sabarkantha_south_coupe', 'sabarkantha_south_coupe', 'sabarkantha_south_coupe', 'sabarkantha_south_coupe', 'sabarkantha_south_coupe', 'sabarkantha_south_coupe', 'sabarkantha_south_coupe', 'sabarkantha_south_coupe', 'sabarkantha_south_coupe', 'sabarkantha_south_coupe', 'sabarkantha_south_coupe', 'sabarkantha_south_coupe', 'sabarkantha_south_coupe', 'sabarkantha_south_coupe', 'sabarkantha_south_coupe', 'sabarkantha_south_coupe', 'sabarkantha_south_coupe', 'sabarkantha_south_coupe', 'sabarkantha_south_coupe', 'sabarkantha_south_coupe', 'sabarkantha_south_coupe', 'sabarkantha_south_coupe', 'sabarkantha_south_coupe', 'sabarkantha_south_coupe', 'sabarkantha_south_coupe', 'sabarkantha_south_coupe', 'sabarkantha_south_coupe', 'sabarkantha_south_coupe', 'sabarkantha_south_coupe', 'sabarkantha_south_coupe', 'sabarkantha_south_coupe', 'sabarkantha_south_coupe', 'sabarkantha_south_coupe', 'sabarkantha_south_coupe', 'sabarkantha_south_coupe', 'sabarkantha_south_coupe', 'sabarkantha_south_coupe', 'sabarkantha_south_coupe', 'sabarkantha_south_coupe', 'sabarkantha_south_coupe', 'sabarkantha_south_coupe', 'sabarkantha_south_coupe', 'sabarkantha_south_coupe', 'sabarkantha_south_coupe', 'sabarkantha_south_coupe', 'sabarkantha_south_coupe', 'sabarkantha_south_coupe', 'sabarkantha_south_coupe', 'sabarkantha_south_coupe', 'sabarkantha_south_coupe', 'sabarkantha_south_coupe', 'sabarkantha_south_coupe', 'sabarkantha_south_coupe', 'sabarkantha_south_coupe', 'sabarkantha_south_coupe', 'sabarkantha_south_coupe', 'sabarkantha_south_coupe', 'sabarkantha_south_coupe', 'sabarkantha_south_coupe', 'sabarkantha_south_coupe', 'sabarkantha_south_coupe', 'sabarkantha_south_coupe', 'sabarkantha_south_coupe', 'sabarkantha_south_coupe', 'sabarkantha_south_coupe', 'sabarkantha_south_coupe', 'sabarkantha_south_coupe', 'sabarkantha_south_coupe', 'sabarkantha_south_coupe', 'sabarkantha_south_coupe', 'sabarkantha_south_coupe', 'sabarkantha_south_coupe', 'sabarkantha_south_coupe', 'sabarkantha_south_coupe', 'sabarkantha_south_coupe', 'sabarkantha_south_coupe', 'sabarkantha_south_coupe', 'sabarkantha_south_coupe', 'sabarkantha_south_coupe', 'sabarkantha_south_coupe', 'sabarkantha_south_coupe', 'sabarkantha_south_coupe', 'sabarkantha_south_coupe', 'sabarkantha_south_coupe', 'sabarkantha_south_coupe', 'sabarkantha_south_coupe', 'sabarkantha_south_coupe', 'sabarkantha_south_coupe', 'sabarkantha_south_coupe', 'sabarkantha_south_coupe', 'sabarkantha_south_coupe', 'sabarkantha_south_coupe', 'sabarkantha_south_coupe', 'sabarkantha_south_coupe', 'sabarkantha_south_coupe', 'sabarkantha_south_coupe', 'sabarkantha_south_coupe', 'sabarkantha_south_coupe', 'sabarkantha_south_coupe', 'sabarkantha_south_coupe', 'sabarkantha_south_coupe', 'sabarkantha_south_coupe', 'sabarkantha_south_coupe', 'sabarkantha_south_coupe', 'sabarkantha_south_coupe', 'sabarkantha_south_coupe', 'sabarkantha_south_coupe', 'sabarkantha_south_coupe', 'sabarkantha_south_coupe', 'sabarkantha_south_coupe', 'sabarkantha_south_coupe', 'sabarkantha_south_coupe', 'sabarkantha_south_coupe', 'sabarkantha_south_coupe', 'sabarkantha_south_coupe', 'sabarkantha_south_coupe', 'sabarkantha_south_coupe', 'sabarkantha_south_coupe', 'sabarkantha_south_coupe', 'sabarkantha_south_coupe', 'sabarkantha_south_coupe', 'sabarkantha_south_coupe', 'sabarkantha_south_coupe', 'sabarkantha_south_coupe', 'sabarkantha_south_coupe', 'sabarkantha_south_coupe', 'sabarkantha_south_coupe', 'sabarkantha_south_coupe', 'sabarkantha_south_coupe', 'sabarkantha_south_coupe', 'sabarkantha_south_coupe', 'sabarkantha_south_coupe', 'sabarkantha_south_coupe', 'sabarkantha_south_coupe', 'sabarkantha_south_coupe', 'sabarkantha_south_coupe', 'sabarkantha_south_coupe', 'sabarkantha_south_coupe', 'sabarkantha_south_coupe', 'sabarkantha_south_coupe', 'sabarkantha_south_coupe', 'sabarkantha_south_coupe', 'sabarkantha_south_coupe', 'sabarkantha_south_coupe', 'sabarkantha_south_coupe', 'sabarkantha_south_coupe', 'sabarkantha_south_coupe', 'sabarkantha_south_coupe', 'sabarkantha_south_coupe', 'sabarkantha_south_coupe', 'sabarkantha_south_coupe', 'sabarkantha_south_coupe', 'sabarkantha_south_coupe', 'sabarkantha_south_coupe', 'sabarkantha_south_coupe', 'sabarkantha_south_coupe', 'sabarkantha_south_coupe', 'sabarkantha_south_coupe', 'sabarkantha_south_coupe', 'sabarkantha_south_coupe', 'sabarkantha_south_coupe', 'sabarkantha_south_coupe', 'sabarkantha_south_coupe', 'sabarkantha_south_coupe', 'sabarkantha_south_coupe', 'sabarkantha_south_coupe', 'sabarkantha_south_coupe', 'sabarkantha_south_coupe', 'sabarkantha_south_coupe', 'sabarkantha_south_coupe', 'sabarkantha_south_coupe', 'sabarkantha_south_coupe', 'sabarkantha_south_coupe', 'sabarkantha_south_coupe', 'sabarkantha_south_coupe', 'sabarkantha_south_coupe', 'sabarkantha_south_coupe', 'sabarkantha_south_coupe', 'sabarkantha_south_coupe', 'sabarkantha_south_coupe', 'sabarkantha_south_coupe', 'sabarkantha_south_coupe', 'sabarkantha_south_coupe', 'sabarkantha_south_coupe', 'sabarkantha_south_coupe', 'sabarkantha_south_coupe', 'sabarkantha_south_coupe', 'sabarkantha_south_coupe', 'sabarkantha_south_coupe', 'sabarkantha_south_coupe', 'sabarkantha_south_coupe', 'sabarkantha_south_coupe', 'sabarkantha_south_coupe', 'sabarkantha_south_coupe', 'sabarkantha_south_coupe', 'sabarkantha_south_coupe', 'sabarkantha_south_coupe', 'sabarkantha_south_coupe', 'sabarkantha_south_coupe', 'sabarkantha_south_coupe', 'sabarkantha_south_coupe', 'sabarkantha_south_coupe', 'sabarkantha_south_coupe', 'sabarkantha_south_coupe', 'sabarkantha_south_coupe', 'sabarkantha_south_coupe', 'sabarkantha_south_coupe', 'sabarkantha_south_coupe', 'sabarkantha_south_coupe', 'sabarkantha_south_coupe', 'sabarkantha_south_coupe', 'sabarkantha_south_coupe', 'sabarkantha_south_coupe', 'sabarkantha_south_coupe', 'sabarkantha_south_coupe', 'surat_coupe', 'surat_coupe', 'surat_coupe', 'surat_coupe', 'surat_coupe', 'surat_coupe', 'surat_coupe', 'surat_coupe', 'surat_coupe', 'surat_coupe', 'surat_coupe', 'surat_coupe', 'surat_coupe', 'surat_coupe', 'surat_coupe', 'surat_coupe', 'surat_coupe', 'surat_coupe', 'surat_coupe', 'surat_coupe', 'surat_coupe', 'surat_coupe', 'surat_coupe', 'surat_coupe', 'surat_coupe', 'surat_coupe', 'surat_coupe', 'surat_coupe', 'surat_coupe', 'surat_coupe', 'surat_coupe', 'surat_coupe', 'surat_coupe', 'surat_coupe', 'surat_coupe', 'surat_coupe', 'surat_coupe', 'surat_coupe', 'surat_coupe', 'surat_coupe', 'surat_coupe', 'surat_coupe', 'surat_coupe', 'surat_coupe', 'surat_coupe', 'surat_coupe', 'surat_coupe', 'surat_coupe', 'surat_coupe', 'surat_coupe', 'surat_coupe', 'surat_coupe', 'surat_coupe', 'surat_coupe', 'surat_coupe', 'surat_coupe', 'surat_coupe', 'surat_coupe', 'surat_coupe', 'surat_coupe', 'surat_coupe', 'surat_coupe', 'surat_coupe', 'surat_coupe', 'surat_coupe', 'surat_coupe', 'surat_coupe', 'surat_coupe', 'surat_coupe', 'surat_coupe', 'surat_coupe', 'surat_coupe', 'surat_coupe', 'surat_coupe', 'surat_coupe', 'surat_coupe', 'surat_coupe', 'surat_coupe', 'surat_coupe', 'surat_coupe', 'surat_coupe', 'surat_coupe', 'surat_coupe', 'surat_coupe', 'surat_coupe', 'surat_coupe', 'surat_coupe', 'surat_coupe', 'surat_coupe', 'surat_coupe', 'surat_coupe', 'surat_coupe', 'surat_coupe', 'surat_coupe', 'surat_coupe', 'surat_coupe', 'surat_coupe', 'surat_coupe', 'surat_coupe', 'surat_coupe', 'surat_coupe', 'surat_coupe', 'surat_coupe', 'surat_coupe', 'surat_coupe', 'surat_coupe', 'surat_coupe', 'surat_coupe', 'surat_coupe', 'surat_coupe', 'surat_coupe', 'surat_coupe', 'surat_coupe', 'surat_coupe', 'surat_coupe', 'surat_coupe', 'surat_coupe', 'surat_coupe', 'surat_coupe', 'surat_coupe', 'surat_coupe', 'surat_coupe', 'surat_coupe', 'surat_coupe', 'surat_coupe', 'surat_coupe', 'surat_coupe', 'surat_coupe', 'surat_coupe', 'surat_coupe', 'surat_coupe', 'surat_coupe', 'surat_coupe', 'surat_coupe', 'surat_coupe', 'surat_coupe', 'surat_coupe', 'surat_coupe', 'surat_coupe', 'surendranagar_coupe', 'surendranagar_coupe', 'surendranagar_coupe', 'surendranagar_coupe', 'surendranagar_coupe', 'surendranagar_coupe', 'surendranagar_coupe', 'surendranagar_coupe', 'surendranagar_coupe', 'surendranagar_coupe', 'surendranagar_coupe', 'surendranagar_coupe', 'surendranagar_coupe', 'surendranagar_coupe', 'surendranagar_coupe', 'surendranagar_coupe', 'surendranagar_coupe', 'surendranagar_coupe', 'surendranagar_coupe', 'surendranagar_coupe', 'surendranagar_coupe', 'surendranagar_coupe', 'surendranagar_coupe', 'surendranagar_coupe', 'surendranagar_coupe', 'surendranagar_coupe', 'surendranagar_coupe', 'surendranagar_coupe', 'surendranagar_coupe', 'surendranagar_coupe', 'surendranagar_coupe', 'surendranagar_coupe', 'surendranagar_coupe', 'surendranagar_coupe', 'surendranagar_coupe', 'surendranagar_coupe', 'surendranagar_coupe', 'surendranagar_coupe', 'surendranagar_coupe', 'surendranagar_coupe', 'surendranagar_coupe', 'surendranagar_coupe', 'surendranagar_coupe', 'surendranagar_coupe', 'surendranagar_coupe', 'surendranagar_coupe', 'surendranagar_coupe', 'surendranagar_coupe', 'surendranagar_coupe', 'surendranagar_coupe', 'surendranagar_coupe', 'surendranagar_coupe', 'surendranagar_coupe', 'surendranagar_coupe', 'surendranagar_coupe', 'surendranagar_coupe', 'surendranagar_coupe', 'surendranagar_coupe', 'surendranagar_coupe', 'surendranagar_coupe', 'surendranagar_coupe', 'surendranagar_coupe', 'surendranagar_coupe', 'surendranagar_coupe', 'surendranagar_coupe', 'surendranagar_coupe', 'surendranagar_coupe', 'surendranagar_coupe', 'surendranagar_coupe', 'surendranagar_coupe', 'surendranagar_coupe', 'surendranagar_coupe', 'surendranagar_coupe', 'surendranagar_coupe', 'surendranagar_coupe', 'surendranagar_coupe', 'surendranagar_coupe', 'surendranagar_coupe', 'surendranagar_coupe', 'surendranagar_coupe', 'surendranagar_coupe', 'surendranagar_coupe', 'surendranagar_coupe', 'surendranagar_coupe', 'surendranagar_coupe', 'surendranagar_coupe', 'surendranagar_coupe', 'surendranagar_coupe', 'surendranagar_coupe', 'surendranagar_coupe', 'surendranagar_coupe', 'surendranagar_coupe', 'surendranagar_coupe', 'surendranagar_coupe', 'surendranagar_coupe', 'surendranagar_coupe', 'surendranagar_coupe', 'surendranagar_coupe', 'surendranagar_coupe', 'surendranagar_coupe', 'surendranagar_coupe', 'surendranagar_coupe', 'surendranagar_coupe', 'surendranagar_coupe', 'surendranagar_coupe', 'surendranagar_coupe', 'surendranagar_coupe', 'surendranagar_coupe', 'surendranagar_coupe', 'surendranagar_coupe', 'surendranagar_coupe', 'surendranagar_coupe', 'surendranagar_coupe', 'surendranagar_coupe', 'surendranagar_coupe', 'surendranagar_coupe', 'surendranagar_coupe', 'surendranagar_coupe', 'surendranagar_coupe', 'surendranagar_coupe', 'surendranagar_coupe', 'surendranagar_coupe', 'surendranagar_coupe', 'surendranagar_coupe', 'surendranagar_coupe', 'surendranagar_coupe', 'surendranagar_coupe', 'surendranagar_coupe', 'surendranagar_coupe', 'surendranagar_coupe', 'surendranagar_coupe', 'surendranagar_coupe', 'surendranagar_coupe', 'surendranagar_coupe', 'surendranagar_coupe', 'surendranagar_coupe', 'surendranagar_coupe', 'surendranagar_coupe', 'surendranagar_coupe', 'surendranagar_coupe', 'surendranagar_coupe', 'surendranagar_coupe', 'surendranagar_coupe', 'surendranagar_coupe', 'surendranagar_coupe', 'surendranagar_coupe', 'surendranagar_coupe', 'surendranagar_coupe', 'surendranagar_coupe', 'surendranagar_coupe', 'surendranagar_coupe', 'surendranagar_coupe', 'surendranagar_coupe', 'surendranagar_coupe', 'surendranagar_coupe', 'surendranagar_coupe', 'surendranagar_coupe', 'surendranagar_coupe', 'surendranagar_coupe', 'surendranagar_coupe', 'surendranagar_coupe', 'surendranagar_coupe', 'surendranagar_coupe', 'surendranagar_coupe', 'surendranagar_coupe', 'surendranagar_coupe', 'surendranagar_coupe', 'surendranagar_coupe', 'surendranagar_coupe', 'surendranagar_coupe', 'surendranagar_coupe', 'surendranagar_coupe', 'surendranagar_coupe', 'surendranagar_coupe', 'surendranagar_coupe', 'surendranagar_coupe', 'surendranagar_coupe', 'surendranagar_coupe', 'surendranagar_coupe', 'surendranagar_coupe', 'surendranagar_coupe', 'surendranagar_coupe', 'surendranagar_coupe', 'surendranagar_coupe', 'surendranagar_coupe', 'surendranagar_coupe', 'surendranagar_coupe', 'surendranagar_coupe', 'surendranagar_coupe', 'surendranagar_coupe', 'surendranagar_coupe', 'surendranagar_coupe', 'surendranagar_coupe', 'surendranagar_coupe', 'surendranagar_coupe', 'surendranagar_coupe', 'surendranagar_coupe', 'surendranagar_coupe', 'surendranagar_coupe', 'surendranagar_coupe', 'surendranagar_coupe', 'surendranagar_coupe', 'surendranagar_coupe', 'surendranagar_coupe', 'surendranagar_coupe', 'surendranagar_coupe', 'surendranagar_coupe', 'surendranagar_coupe', 'surendranagar_coupe', 'surendranagar_coupe', 'surendranagar_coupe', 'surendranagar_coupe', 'surendranagar_coupe', 'surendranagar_coupe', 'surendranagar_coupe', 'surendranagar_coupe', 'surendranagar_coupe', 'surendranagar_coupe', 'surendranagar_coupe', 'surendranagar_coupe', 'surendranagar_coupe', 'surendranagar_coupe', 'surendranagar_coupe', 'surendranagar_coupe', 'surendranagar_coupe', 'surendranagar_coupe', 'surendranagar_coupe', 'surendranagar_coupe', 'surendranagar_coupe', 'surendranagar_coupe', 'surendranagar_coupe', 'surendranagar_coupe', 'surendranagar_coupe', 'surendranagar_coupe', 'surendranagar_coupe', 'surendranagar_coupe', 'surendranagar_coupe', 'surendranagar_coupe', 'surendranagar_coupe', 'surendranagar_coupe', 'surendranagar_coupe', 'surendranagar_coupe', 'surendranagar_coupe', 'surendranagar_coupe', 'surendranagar_coupe', 'surendranagar_coupe', 'surendranagar_coupe', 'surendranagar_coupe', 'surendranagar_coupe', 'surendranagar_coupe', 'surendranagar_coupe', 'surendranagar_coupe', 'surendranagar_coupe', 'surendranagar_coupe', 'surendranagar_coupe', 'surendranagar_coupe', 'surendranagar_coupe', 'surendranagar_coupe', 'surendranagar_coupe', 'surendranagar_coupe', 'surendranagar_coupe', 'surendranagar_coupe', 'surendranagar_coupe', 'surendranagar_coupe', 'surendranagar_coupe', 'surendranagar_coupe', 'surendranagar_coupe', 'surendranagar_coupe', 'surendranagar_coupe', 'surendranagar_coupe', 'surendranagar_coupe', 'surendranagar_coupe', 'surendranagar_coupe', 'surendranagar_coupe', 'surendranagar_coupe', 'surendranagar_coupe', 'surendranagar_coupe', 'surendranagar_coupe', 'surendranagar_coupe', 'surendranagar_coupe', 'surendranagar_coupe', 'surendranagar_coupe', 'surendranagar_coupe', 'surendranagar_coupe', 'surendranagar_coupe', 'surendranagar_coupe', 'surendranagar_coupe', 'surendranagar_coupe', 'surendranagar_coupe', 'surendranagar_coupe', 'surendranagar_coupe', 'surendranagar_coupe', 'surendranagar_coupe', 'surendranagar_coupe', 'surendranagar_coupe', 'surendranagar_coupe', 'surendranagar_coupe', 'surendranagar_coupe', 'surendranagar_coupe', 'surendranagar_coupe', 'surendranagar_coupe', 'surendranagar_coupe', 'surendranagar_coupe', 'surendranagar_coupe', 'surendranagar_coupe', 'surendranagar_coupe', 'surendranagar_coupe', 'surendranagar_coupe', 'surendranagar_coupe', 'surendranagar_coupe', 'surendranagar_coupe', 'surendranagar_coupe', 'surendranagar_coupe', 'surendranagar_coupe', 'surendranagar_coupe', 'surendranagar_coupe', 'surendranagar_coupe', 'surendranagar_coupe', 'surendranagar_coupe', 'surendranagar_coupe', 'surendranagar_coupe', 'surendranagar_coupe', 'surendranagar_coupe', 'surendranagar_coupe', 'surendranagar_coupe', 'surendranagar_coupe', 'surendranagar_coupe', 'surendranagar_coupe', 'surendranagar_coupe', 'surendranagar_coupe', 'surendranagar_coupe', 'surendranagar_coupe', 'surendranagar_coupe', 'surendranagar_coupe', 'surendranagar_coupe', 'surendranagar_coupe', 'surendranagar_coupe', 'surendranagar_coupe', 'surendranagar_coupe', 'surendranagar_coupe', 'surendranagar_coupe', 'surendranagar_coupe', 'surendranagar_coupe', 'surendranagar_coupe', 'surendranagar_coupe', 'surendranagar_coupe', 'surendranagar_coupe', 'surendranagar_coupe', 'surendranagar_coupe', 'surendranagar_coupe', 'surendranagar_coupe', 'surendranagar_coupe', 'surendranagar_coupe', 'surendranagar_coupe', 'surendranagar_coupe', 'surendranagar_coupe', 'surendranagar_coupe', 'vyara_coupe', 'vyara_coupe', 'vyara_coupe', 'vyara_coupe', 'vyara_coupe', 'vyara_coupe', 'vyara_coupe', 'vyara_coupe', 'vyara_coupe', 'vyara_coupe', 'vyara_coupe', 'vyara_coupe', 'vyara_coupe', 'vyara_coupe', 'vyara_coupe', 'vyara_coupe', 'vyara_coupe', 'vyara_coupe', 'vyara_coupe', 'vyara_coupe', 'vyara_coupe', 'vyara_coupe', 'vyara_coupe', 'vyara_coupe', 'vyara_coupe', 'vyara_coupe', 'vyara_coupe', 'vyara_coupe', 'vyara_coupe', 'vyara_coupe', 'vyara_coupe', 'vyara_coupe', 'vyara_coupe', 'vyara_coupe', 'vyara_coupe', 'vyara_coupe', 'vyara_coupe', 'vyara_coupe', 'vyara_coupe', 'vyara_coupe', 'vyara_coupe', 'vyara_coupe', 'vyara_coupe', 'vyara_coupe', 'vyara_coupe', 'vyara_coupe', 'vyara_coupe', 'vyara_coupe', 'vyara_coupe', 'vyara_coupe', 'vyara_coupe', 'vyara_coupe', 'vyara_coupe', 'vyara_coupe', 'vyara_coupe', 'vyara_coupe', 'vyara_coupe', 'vyara_coupe', 'vyara_coupe', 'vyara_coupe', 'vyara_coupe', 'vyara_coupe', 'vyara_coupe', 'vyara_coupe', 'vyara_coupe', 'vyara_coupe', 'vyara_coupe', 'vyara_coupe', 'vyara_coupe', 'vyara_coupe', 'vyara_coupe', 'vyara_coupe', 'vyara_coupe', 'vyara_coupe', 'vyara_coupe', 'vyara_coupe', 'vyara_coupe', 'vyara_coupe', 'vyara_coupe', 'vyara_coupe', 'vyara_coupe', 'vyara_coupe', 'vyara_coupe', 'vyara_coupe', 'vyara_coupe', 'vyara_coupe', 'vyara_coupe', 'vyara_coupe', 'vyara_coupe', 'vyara_coupe', 'vyara_coupe', 'vyara_coupe', 'vyara_coupe', 'vyara_coupe', 'vyara_coupe', 'vyara_coupe', 'vyara_coupe', 'vyara_coupe', 'vyara_coupe', 'vyara_coupe', 'vyara_coupe', 'vyara_coupe', 'vyara_coupe', 'vyara_coupe', 'vyara_coupe', 'vyara_coupe', 'vyara_coupe', 'vyara_coupe', 'vyara_coupe', 'vyara_coupe', 'vyara_coupe', 'vyara_coupe', 'vyara_coupe', 'vyara_coupe', 'vyara_coupe', 'vyara_coupe', 'vyara_coupe', 'vyara_coupe', 'vyara_coupe', 'vyara_coupe', 'vyara_coupe', 'vyara_coupe', 'vyara_coupe', 'vyara_coupe', 'vyara_coupe', 'vyara_coupe', 'vyara_coupe', 'vyara_coupe', 'vyara_coupe', 'vyara_coupe', 'vyara_coupe', 'vyara_coupe', 'vyara_coupe', 'vyara_coupe', 'vyara_coupe', 'vyara_coupe', 'vyara_coupe', 'vyara_coupe', 'vyara_coupe', 'vyara_coupe', 'vyara_coupe', 'vyara_coupe', 'vyara_coupe', 'vyara_coupe', 'vyara_coupe', 'vyara_coupe', 'vyara_coupe', 'vyara_coupe', 'vyara_coupe', 'vyara_coupe', 'vyara_coupe', 'vyara_coupe', 'vyara_coupe', 'vyara_coupe', 'vyara_coupe', 'vyara_coupe', 'vyara_coupe', 'vyara_coupe', 'vyara_coupe', 'vyara_coupe', 'vyara_coupe', 'vyara_coupe', 'vyara_coupe', 'vyara_coupe', 'sabarkantha_coupe', 'sabarkantha_coupe', 'sabarkantha_coupe', 'sabarkantha_coupe', 'sabarkantha_coupe', 'sabarkantha_coupe', 'sabarkantha_coupe', 'sabarkantha_coupe', 'sabarkantha_coupe', 'sabarkantha_coupe', 'sabarkantha_coupe', 'sabarkantha_coupe', 'sabarkantha_coupe', 'sabarkantha_coupe', 'sabarkantha_coupe', 'sabarkantha_coupe', 'sabarkantha_coupe', 'sabarkantha_coupe', 'sabarkantha_coupe', 'sabarkantha_coupe', 'sabarkantha_coupe', 'sabarkantha_coupe', 'sabarkantha_coupe', 'sabarkantha_coupe', 'sabarkantha_coupe', 'sabarkantha_coupe', 'sabarkantha_coupe', 'sabarkantha_coupe', 'sabarkantha_coupe', 'sabarkantha_coupe', 'sabarkantha_coupe', 'sabarkantha_coupe', 'sabarkantha_coupe', 'sabarkantha_coupe', 'sabarkantha_coupe', 'sabarkantha_coupe', 'sabarkantha_coupe', 'sabarkantha_coupe', 'sabarkantha_coupe', 'sabarkantha_coupe', 'sabarkantha_coupe', 'sabarkantha_coupe', 'sabarkantha_coupe', 'sabarkantha_coupe', 'sabarkantha_coupe', 'sabarkantha_coupe', 'sabarkantha_coupe', 'sabarkantha_coupe', 'sabarkantha_coupe', 'sabarkantha_coupe', 'sabarkantha_coupe', 'sabarkantha_coupe', 'sabarkantha_coupe', 'sabarkantha_coupe', 'sabarkantha_coupe', 'sabarkantha_coupe', 'sabarkantha_coupe', 'sabarkantha_coupe', 'sabarkantha_coupe', 'sabarkantha_coupe', 'sabarkantha_coupe', 'sabarkantha_coupe', 'sabarkantha_coupe', 'sabarkantha_coupe', 'sabarkantha_coupe', 'sabarkantha_coupe', 'sabarkantha_coupe', 'sabarkantha_coupe', 'sabarkantha_coupe', 'sabarkantha_coupe', 'sabarkantha_coupe', 'sabarkantha_coupe', 'sabarkantha_coupe', 'sabarkantha_coupe', 'sabarkantha_coupe', 'sabarkantha_coupe', 'sabarkantha_coupe', 'sabarkantha_coupe', 'sabarkantha_coupe', 'sabarkantha_coupe', 'sabarkantha_coupe', 'sabarkantha_coupe', 'sabarkantha_coupe', 'sabarkantha_coupe', 'sabarkantha_coupe', 'sabarkantha_coupe', 'sabarkantha_coupe', 'sabarkantha_coupe', 'sabarkantha_coupe', 'sabarkantha_coupe', 'sabarkantha_coupe', 'sabarkantha_coupe', 'sabarkantha_coupe', 'sabarkantha_coupe', 'sabarkantha_coupe', 'sabarkantha_coupe', 'sabarkantha_coupe', 'sabarkantha_coupe', 'sabarkantha_coupe', 'sabarkantha_coupe', 'sabarkantha_coupe', 'sabarkantha_coupe', 'sabarkantha_coupe', 'sabarkantha_coupe', 'sabarkantha_coupe', 'sabarkantha_coupe', 'sabarkantha_coupe', 'sabarkantha_coupe', 'sabarkantha_coupe', 'sabarkantha_coupe', 'sabarkantha_coupe', 'sabarkantha_coupe', 'sabarkantha_coupe', 'sabarkantha_coupe', 'sabarkantha_coupe', 'sabarkantha_coupe', 'sabarkantha_coupe', 'sabarkantha_coupe', 'sabarkantha_coupe', 'sabarkantha_coupe', 'sabarkantha_coupe', 'sabarkantha_coupe', 'sabarkantha_coupe', 'sabarkantha_coupe', 'sabarkantha_coupe', 'sabarkantha_coupe', 'sabarkantha_coupe', 'sabarkantha_coupe', 'sabarkantha_coupe', 'sabarkantha_coupe', 'sabarkantha_coupe', 'sabarkantha_coupe', 'sabarkantha_coupe', 'sabarkantha_coupe', 'sabarkantha_coupe', 'sabarkantha_coupe', 'sabarkantha_coupe', 'sabarkantha_coupe', 'sabarkantha_coupe', 'sabarkantha_coupe', 'sabarkantha_coupe', 'sabarkantha_coupe', 'sabarkantha_coupe', 'sabarkantha_coupe', 'sabarkantha_coupe', 'sabarkantha_coupe', 'sabarkantha_coupe', 'sabarkantha_coupe', 'sabarkantha_coupe', 'sabarkantha_coupe', 'sabarkantha_coupe', 'sabarkantha_coupe', 'sabarkantha_coupe', 'sabarkantha_coupe', 'sabarkantha_coupe', 'sabarkantha_coupe', 'sabarkantha_coupe', 'sabarkantha_coupe', 'sabarkantha_coupe', 'sabarkantha_coupe', 'sabarkantha_coupe', 'sabarkantha_coupe', 'sabarkantha_coupe', 'sabarkantha_coupe', 'sabarkantha_coupe', 'sabarkantha_coupe', 'sabarkantha_coupe', 'sabarkantha_coupe', 'sabarkantha_coupe', 'sabarkantha_coupe', 'sabarkantha_coupe', 'sabarkantha_coupe', 'sabarkantha_coupe', 'sabarkantha_coupe', 'sabarkantha_coupe', 'sabarkantha_coupe', 'sabarkantha_coupe', 'sabarkantha_coupe', 'sabarkantha_coupe', 'sabarkantha_coupe', 'sabarkantha_coupe', 'sabarkantha_coupe', 'sabarkantha_coupe', 'sabarkantha_coupe', 'sabarkantha_coupe', 'sabarkantha_coupe', 'sabarkantha_coupe', 'sabarkantha_coupe', 'sabarkantha_coupe', 'sabarkantha_coupe', 'sabarkantha_coupe', 'sabarkantha_coupe', 'sabarkantha_coupe', 'sabarkantha_coupe', 'sabarkantha_coupe', 'sabarkantha_coupe', 'sabarkantha_coupe', 'sabarkantha_coupe', 'sabarkantha_coupe', 'sabarkantha_coupe', 'sabarkantha_coupe', 'sabarkantha_coupe', 'sabarkantha_coupe', 'sabarkantha_coupe', 'sabarkantha_coupe', 'sabarkantha_coupe', 'sabarkantha_coupe', 'sabarkantha_coupe', 'sabarkantha_coupe', 'sabarkantha_coupe', 'sabarkantha_coupe', 'sabarkantha_coupe', 'sabarkantha_coupe', 'sabarkantha_coupe', 'sabarkantha_coupe', 'sabarkantha_coupe', 'sabarkantha_coupe', 'sabarkantha_coupe', 'sabarkantha_coupe', 'sabarkantha_coupe', 'sabarkantha_coupe', 'sabarkantha_coupe', 'sabarkantha_coupe', 'sabarkantha_coupe', 'sabarkantha_coupe', 'sabarkantha_coupe', 'sabarkantha_coupe', 'sabarkantha_coupe', 'sabarkantha_coupe', 'sabarkantha_coupe', 'sabarkantha_coupe', 'sabarkantha_coupe', 'sabarkantha_coupe', 'sabarkantha_coupe', 'sabarkantha_coupe', 'sabarkantha_coupe', 'sabarkantha_coupe', 'sabarkantha_coupe', 'sabarkantha_coupe', 'sabarkantha_coupe', 'sabarkantha_coupe', 'sabarkantha_coupe', 'sabarkantha_coupe', 'sabarkantha_coupe', 'sabarkantha_coupe', 'sabarkantha_coupe', 'sabarkantha_coupe', 'sabarkantha_coupe', 'sabarkantha_coupe', 'sabarkantha_coupe', 'sabarkantha_coupe', 'sabarkantha_coupe', 'sabarkantha_coupe', 'sabarkantha_coupe', 'sabarkantha_coupe', 'sabarkantha_coupe', 'sabarkantha_coupe', 'sabarkantha_coupe', 'sabarkantha_coupe', 'sabarkantha_coupe', 'sabarkantha_coupe', 'sabarkantha_coupe', 'sabarkantha_coupe', 'sabarkantha_coupe', 'sabarkantha_coupe', 'sabarkantha_coupe']
[2026-02-06 17:15:27] 
========================================
[2026-02-06 17:15:27] Processing coupe: baria_coupe
[2026-02-06 17:15:27] Actual table: 2026-02-06_baria_coupes_NDVI_Change
[2026-02-06 17:15:27] Creating result table: 2026-02-06_baria_coupes_NDVI_Change
[2026-02-06 17:15:27] ========================================
[2026-02-06 17:15:27]   Fixing geometry for 2026-02-06_baria_coupes_NDVI_Change
[2026-02-06 17:15:27]     Geometry fixed for 2026-02-06_baria_coupes_NDVI_Change
[2026-02-06 17:15:27]     Table 2026-02-06_baria_coupes_NDVI_Change created with proper structure
[2026-02-06 17:15:27]   ✗ Error processing coupe baria_coupe (actual: 2026-02-06_baria_coupes_NDVI_Change): column "fid" does not exist
LINE 2:                 SELECT fid, ST_AsGeoJSON(geom), village, cou...
                               ^

[2026-02-06 17:15:27]   Traceback: Traceback (most recent call last):
  File "C:\Nikhil\recap_4NDC\RECAP4NDC\python-services\degradation_analysis.py", line 578, in process_coupes
    cur.execute(f"""
    ~~~~~~~~~~~^^^^^
        SELECT fid, ST_AsGeoJSON(geom), village, coupe_no
        ^^^^^^^^^^^^^^^^^^^^^^^^^^^^^^^^^^^^^^^^^^^^^^^^^
    ...<2 lines>...
        LIMIT 2
        ^^^^^^^
    """)
    ^^^^
psycopg2.errors.UndefinedColumn: column "fid" does not exist
LINE 2:                 SELECT fid, ST_AsGeoJSON(geom), village, cou...
                               ^


[2026-02-06 17:15:28] 
========================================
[2026-02-06 17:15:28] Processing coupe: bhavnagar_coupe
[2026-02-06 17:15:28] Actual table: 2025-09-01_Bhavnagar_coupes_NDVI_Change
[2026-02-06 17:15:28] Creating result table: 2026-02-06_bhavnagar_coupes_NDVI_Change
[2026-02-06 17:15:28] ========================================
[2026-02-06 17:15:28]   Fixing geometry for 2025-09-01_Bhavnagar_coupes_NDVI_Change
[2026-02-06 17:15:29]     Geometry fixed for 2025-09-01_Bhavnagar_coupes_NDVI_Change
[2026-02-06 17:15:30]     Table 2026-02-06_bhavnagar_coupes_NDVI_Change created with proper structure
[2026-02-06 17:15:30]   ✗ Error processing coupe bhavnagar_coupe (actual: 2025-09-01_Bhavnagar_coupes_NDVI_Change): column "fid" does not exist
LINE 2:                 SELECT fid, ST_AsGeoJSON(geom), village, cou...
                               ^

[2026-02-06 17:15:30]   Traceback: Traceback (most recent call last):
  File "C:\Nikhil\recap_4NDC\RECAP4NDC\python-services\degradation_analysis.py", line 578, in process_coupes
    cur.execute(f"""
    ~~~~~~~~~~~^^^^^
        SELECT fid, ST_AsGeoJSON(geom), village, coupe_no
        ^^^^^^^^^^^^^^^^^^^^^^^^^^^^^^^^^^^^^^^^^^^^^^^^^
    ...<2 lines>...
        LIMIT 2
        ^^^^^^^
    """)
    ^^^^
psycopg2.errors.UndefinedColumn: column "fid" does not exist
LINE 2:                 SELECT fid, ST_AsGeoJSON(geom), village, cou...
                               ^


[2026-02-06 17:15:30] 
========================================
[2026-02-06 17:15:30] Processing coupe: bhavnagar_coupe
[2026-02-06 17:15:30] Actual table: 2025-09-01_Bhavnagar_coupes_NDVI_Change
[2026-02-06 17:15:30] Creating result table: 2026-02-06_bhavnagar_coupes_NDVI_Change
[2026-02-06 17:15:30] ========================================
[2026-02-06 17:15:30]   Fixing geometry for 2025-09-01_Bhavnagar_coupes_NDVI_Change
[2026-02-06 17:15:32]     Geometry fixed for 2025-09-01_Bhavnagar_coupes_NDVI_Change
[2026-02-06 17:15:32]     Table 2026-02-06_bhavnagar_coupes_NDVI_Change created with proper structure
[2026-02-06 17:15:32]   ✗ Error processing coupe bhavnagar_coupe (actual: 2025-09-01_Bhavnagar_coupes_NDVI_Change): column "fid" does not exist
LINE 2:                 SELECT fid, ST_AsGeoJSON(geom), village, cou...
                               ^

[2026-02-06 17:15:32]   Traceback: Traceback (most recent call last):
  File "C:\Nikhil\recap_4NDC\RECAP4NDC\python-services\degradation_analysis.py", line 578, in process_coupes
    cur.execute(f"""
    ~~~~~~~~~~~^^^^^
        SELECT fid, ST_AsGeoJSON(geom), village, coupe_no
        ^^^^^^^^^^^^^^^^^^^^^^^^^^^^^^^^^^^^^^^^^^^^^^^^^
    ...<2 lines>...
        LIMIT 2
        ^^^^^^^
    """)
    ^^^^
psycopg2.errors.UndefinedColumn: column "fid" does not exist
LINE 2:                 SELECT fid, ST_AsGeoJSON(geom), village, cou...
                               ^


[2026-02-06 17:15:32] 
========================================
[2026-02-06 17:15:32] Processing coupe: bhavnagar_coupe
[2026-02-06 17:15:32] Actual table: 2025-09-01_Bhavnagar_coupes_NDVI_Change
[2026-02-06 17:15:32] Creating result table: 2026-02-06_bhavnagar_coupes_NDVI_Change
[2026-02-06 17:15:32] ========================================
[2026-02-06 17:15:32]   Fixing geometry for 2025-09-01_Bhavnagar_coupes_NDVI_Change
[2026-02-06 17:15:34]     Geometry fixed for 2025-09-01_Bhavnagar_coupes_NDVI_Change
[2026-02-06 17:15:34]     Table 2026-02-06_bhavnagar_coupes_NDVI_Change created with proper structure
[2026-02-06 17:15:34]   ✗ Error processing coupe bhavnagar_coupe (actual: 2025-09-01_Bhavnagar_coupes_NDVI_Change): column "fid" does not exist
LINE 2:                 SELECT fid, ST_AsGeoJSON(geom), village, cou...
                               ^

[2026-02-06 17:15:34]   Traceback: Traceback (most recent call last):
  File "C:\Nikhil\recap_4NDC\RECAP4NDC\python-services\degradation_analysis.py", line 578, in process_coupes
    cur.execute(f"""
    ~~~~~~~~~~~^^^^^
        SELECT fid, ST_AsGeoJSON(geom), village, coupe_no
        ^^^^^^^^^^^^^^^^^^^^^^^^^^^^^^^^^^^^^^^^^^^^^^^^^
    ...<2 lines>...
        LIMIT 2
        ^^^^^^^
    """)
    ^^^^
psycopg2.errors.UndefinedColumn: column "fid" does not exist
LINE 2:                 SELECT fid, ST_AsGeoJSON(geom), village, cou...
                               ^


[2026-02-06 17:15:35] 
========================================
[2026-02-06 17:15:35] Processing coupe: bhavnagar_coupe
[2026-02-06 17:15:35] Actual table: 2025-09-01_Bhavnagar_coupes_NDVI_Change
[2026-02-06 17:15:35] Creating result table: 2026-02-06_bhavnagar_coupes_NDVI_Change
[2026-02-06 17:15:35] ========================================
[2026-02-06 17:15:35]   Fixing geometry for 2025-09-01_Bhavnagar_coupes_NDVI_Change
[2026-02-06 17:15:36]     Geometry fixed for 2025-09-01_Bhavnagar_coupes_NDVI_Change
[2026-02-06 17:15:36]     Table 2026-02-06_bhavnagar_coupes_NDVI_Change created with proper structure
[2026-02-06 17:15:37]   ✗ Error processing coupe bhavnagar_coupe (actual: 2025-09-01_Bhavnagar_coupes_NDVI_Change): column "fid" does not exist
LINE 2:                 SELECT fid, ST_AsGeoJSON(geom), village, cou...
                               ^

[2026-02-06 17:15:37]   Traceback: Traceback (most recent call last):
  File "C:\Nikhil\recap_4NDC\RECAP4NDC\python-services\degradation_analysis.py", line 578, in process_coupes
    cur.execute(f"""
    ~~~~~~~~~~~^^^^^
        SELECT fid, ST_AsGeoJSON(geom), village, coupe_no
        ^^^^^^^^^^^^^^^^^^^^^^^^^^^^^^^^^^^^^^^^^^^^^^^^^
    ...<2 lines>...
        LIMIT 2
        ^^^^^^^
    """)
    ^^^^
psycopg2.errors.UndefinedColumn: column "fid" does not exist
LINE 2:                 SELECT fid, ST_AsGeoJSON(geom), village, cou...
                               ^


[2026-02-06 17:15:37] 
========================================
[2026-02-06 17:15:37] Processing coupe: bhavnagar_coupe
[2026-02-06 17:15:37] Actual table: 2025-09-01_Bhavnagar_coupes_NDVI_Change
[2026-02-06 17:15:37] Creating result table: 2026-02-06_bhavnagar_coupes_NDVI_Change
[2026-02-06 17:15:37] ========================================
[2026-02-06 17:15:37]   Fixing geometry for 2025-09-01_Bhavnagar_coupes_NDVI_Change
[2026-02-06 17:15:39]     Geometry fixed for 2025-09-01_Bhavnagar_coupes_NDVI_Change
[2026-02-06 17:15:39]     Table 2026-02-06_bhavnagar_coupes_NDVI_Change created with proper structure
[2026-02-06 17:15:39]   ✗ Error processing coupe bhavnagar_coupe (actual: 2025-09-01_Bhavnagar_coupes_NDVI_Change): column "fid" does not exist
LINE 2:                 SELECT fid, ST_AsGeoJSON(geom), village, cou...
                               ^

[2026-02-06 17:15:39]   Traceback: Traceback (most recent call last):
  File "C:\Nikhil\recap_4NDC\RECAP4NDC\python-services\degradation_analysis.py", line 578, in process_coupes
    cur.execute(f"""
    ~~~~~~~~~~~^^^^^
        SELECT fid, ST_AsGeoJSON(geom), village, coupe_no
        ^^^^^^^^^^^^^^^^^^^^^^^^^^^^^^^^^^^^^^^^^^^^^^^^^
    ...<2 lines>...
        LIMIT 2
        ^^^^^^^
    """)
    ^^^^
psycopg2.errors.UndefinedColumn: column "fid" does not exist
LINE 2:                 SELECT fid, ST_AsGeoJSON(geom), village, cou...
                               ^


[2026-02-06 17:15:39] 
========================================
[2026-02-06 17:15:39] Processing coupe: bhavnagar_coupe
[2026-02-06 17:15:39] Actual table: 2025-09-01_Bhavnagar_coupes_NDVI_Change
[2026-02-06 17:15:39] Creating result table: 2026-02-06_bhavnagar_coupes_NDVI_Change
[2026-02-06 17:15:39] ========================================
[2026-02-06 17:15:39]   Fixing geometry for 2025-09-01_Bhavnagar_coupes_NDVI_Change
[2026-02-06 17:15:41]     Geometry fixed for 2025-09-01_Bhavnagar_coupes_NDVI_Change
[2026-02-06 17:15:41]     Table 2026-02-06_bhavnagar_coupes_NDVI_Change created with proper structure
[2026-02-06 17:15:41]   ✗ Error processing coupe bhavnagar_coupe (actual: 2025-09-01_Bhavnagar_coupes_NDVI_Change): column "fid" does not exist
LINE 2:                 SELECT fid, ST_AsGeoJSON(geom), village, cou...
                               ^

[2026-02-06 17:15:41]   Traceback: Traceback (most recent call last):
  File "C:\Nikhil\recap_4NDC\RECAP4NDC\python-services\degradation_analysis.py", line 578, in process_coupes
    cur.execute(f"""
    ~~~~~~~~~~~^^^^^
        SELECT fid, ST_AsGeoJSON(geom), village, coupe_no
        ^^^^^^^^^^^^^^^^^^^^^^^^^^^^^^^^^^^^^^^^^^^^^^^^^
    ...<2 lines>...
        LIMIT 2
        ^^^^^^^
    """)
    ^^^^
psycopg2.errors.UndefinedColumn: column "fid" does not exist
LINE 2:                 SELECT fid, ST_AsGeoJSON(geom), village, cou...
                               ^


[2026-02-06 17:15:42] 
========================================
[2026-02-06 17:15:42] Processing coupe: bhavnagar_coupe
[2026-02-06 17:15:42] Actual table: 2025-09-01_Bhavnagar_coupes_NDVI_Change
[2026-02-06 17:15:42] Creating result table: 2026-02-06_bhavnagar_coupes_NDVI_Change
[2026-02-06 17:15:42] ========================================
[2026-02-06 17:15:42]   Fixing geometry for 2025-09-01_Bhavnagar_coupes_NDVI_Change
[2026-02-06 17:15:43]     Geometry fixed for 2025-09-01_Bhavnagar_coupes_NDVI_Change
[2026-02-06 17:15:44]     Table 2026-02-06_bhavnagar_coupes_NDVI_Change created with proper structure
[2026-02-06 17:15:44]   ✗ Error processing coupe bhavnagar_coupe (actual: 2025-09-01_Bhavnagar_coupes_NDVI_Change): column "fid" does not exist
LINE 2:                 SELECT fid, ST_AsGeoJSON(geom), village, cou...
                               ^

[2026-02-06 17:15:44]   Traceback: Traceback (most recent call last):
  File "C:\Nikhil\recap_4NDC\RECAP4NDC\python-services\degradation_analysis.py", line 578, in process_coupes
    cur.execute(f"""
    ~~~~~~~~~~~^^^^^
        SELECT fid, ST_AsGeoJSON(geom), village, coupe_no
        ^^^^^^^^^^^^^^^^^^^^^^^^^^^^^^^^^^^^^^^^^^^^^^^^^
    ...<2 lines>...
        LIMIT 2
        ^^^^^^^
    """)
    ^^^^
psycopg2.errors.UndefinedColumn: column "fid" does not exist
LINE 2:                 SELECT fid, ST_AsGeoJSON(geom), village, cou...
                               ^


[2026-02-06 17:15:44] 
========================================
[2026-02-06 17:15:44] Processing coupe: bhavnagar_coupe
[2026-02-06 17:15:44] Actual table: 2025-09-01_Bhavnagar_coupes_NDVI_Change
[2026-02-06 17:15:44] Creating result table: 2026-02-06_bhavnagar_coupes_NDVI_Change
[2026-02-06 17:15:44] ========================================
[2026-02-06 17:15:44]   Fixing geometry for 2025-09-01_Bhavnagar_coupes_NDVI_Change
[2026-02-06 17:15:46]     Geometry fixed for 2025-09-01_Bhavnagar_coupes_NDVI_Change
[2026-02-06 17:15:46]     Table 2026-02-06_bhavnagar_coupes_NDVI_Change created with proper structure
[2026-02-06 17:15:46]   ✗ Error processing coupe bhavnagar_coupe (actual: 2025-09-01_Bhavnagar_coupes_NDVI_Change): column "fid" does not exist
LINE 2:                 SELECT fid, ST_AsGeoJSON(geom), village, cou...
                               ^

[2026-02-06 17:15:46]   Traceback: Traceback (most recent call last):
  File "C:\Nikhil\recap_4NDC\RECAP4NDC\python-services\degradation_analysis.py", line 578, in process_coupes
    cur.execute(f"""
    ~~~~~~~~~~~^^^^^
        SELECT fid, ST_AsGeoJSON(geom), village, coupe_no
        ^^^^^^^^^^^^^^^^^^^^^^^^^^^^^^^^^^^^^^^^^^^^^^^^^
    ...<2 lines>...
        LIMIT 2
        ^^^^^^^
    """)
    ^^^^
psycopg2.errors.UndefinedColumn: column "fid" does not exist
LINE 2:                 SELECT fid, ST_AsGeoJSON(geom), village, cou...
                               ^


[2026-02-06 17:15:46] 
========================================
[2026-02-06 17:15:46] Processing coupe: bhavnagar_coupe
[2026-02-06 17:15:46] Actual table: 2025-09-01_Bhavnagar_coupes_NDVI_Change
[2026-02-06 17:15:46] Creating result table: 2026-02-06_bhavnagar_coupes_NDVI_Change
[2026-02-06 17:15:46] ========================================
[2026-02-06 17:15:46]   Fixing geometry for 2025-09-01_Bhavnagar_coupes_NDVI_Change
[2026-02-06 17:15:48]     Geometry fixed for 2025-09-01_Bhavnagar_coupes_NDVI_Change
[2026-02-06 17:15:48]     Table 2026-02-06_bhavnagar_coupes_NDVI_Change created with proper structure
[2026-02-06 17:15:48]   ✗ Error processing coupe bhavnagar_coupe (actual: 2025-09-01_Bhavnagar_coupes_NDVI_Change): column "fid" does not exist
LINE 2:                 SELECT fid, ST_AsGeoJSON(geom), village, cou...
                               ^

[2026-02-06 17:15:48]   Traceback: Traceback (most recent call last):
  File "C:\Nikhil\recap_4NDC\RECAP4NDC\python-services\degradation_analysis.py", line 578, in process_coupes
    cur.execute(f"""
    ~~~~~~~~~~~^^^^^
        SELECT fid, ST_AsGeoJSON(geom), village, coupe_no
        ^^^^^^^^^^^^^^^^^^^^^^^^^^^^^^^^^^^^^^^^^^^^^^^^^
    ...<2 lines>...
        LIMIT 2
        ^^^^^^^
    """)
    ^^^^
psycopg2.errors.UndefinedColumn: column "fid" does not exist
LINE 2:                 SELECT fid, ST_AsGeoJSON(geom), village, cou...
                               ^


[2026-02-06 17:15:49] 
========================================
[2026-02-06 17:15:49] Processing coupe: bhavnagar_coupe
[2026-02-06 17:15:49] Actual table: 2025-09-01_Bhavnagar_coupes_NDVI_Change
[2026-02-06 17:15:49] Creating result table: 2026-02-06_bhavnagar_coupes_NDVI_Change
[2026-02-06 17:15:49] ========================================
[2026-02-06 17:15:49]   Fixing geometry for 2025-09-01_Bhavnagar_coupes_NDVI_Change
[2026-02-06 17:15:50]     Geometry fixed for 2025-09-01_Bhavnagar_coupes_NDVI_Change
[2026-02-06 17:15:51]     Table 2026-02-06_bhavnagar_coupes_NDVI_Change created with proper structure
[2026-02-06 17:15:51]   ✗ Error processing coupe bhavnagar_coupe (actual: 2025-09-01_Bhavnagar_coupes_NDVI_Change): column "fid" does not exist
LINE 2:                 SELECT fid, ST_AsGeoJSON(geom), village, cou...
                               ^

[2026-02-06 17:15:51]   Traceback: Traceback (most recent call last):
  File "C:\Nikhil\recap_4NDC\RECAP4NDC\python-services\degradation_analysis.py", line 578, in process_coupes
    cur.execute(f"""
    ~~~~~~~~~~~^^^^^
        SELECT fid, ST_AsGeoJSON(geom), village, coupe_no
        ^^^^^^^^^^^^^^^^^^^^^^^^^^^^^^^^^^^^^^^^^^^^^^^^^
    ...<2 lines>...
        LIMIT 2
        ^^^^^^^
    """)
    ^^^^
psycopg2.errors.UndefinedColumn: column "fid" does not exist
LINE 2:                 SELECT fid, ST_AsGeoJSON(geom), village, cou...
                               ^


[2026-02-06 17:15:51] 
========================================
[2026-02-06 17:15:51] Processing coupe: bhavnagar_coupe
[2026-02-06 17:15:51] Actual table: 2025-09-01_Bhavnagar_coupes_NDVI_Change
[2026-02-06 17:15:51] Creating result table: 2026-02-06_bhavnagar_coupes_NDVI_Change
[2026-02-06 17:15:51] ========================================
[2026-02-06 17:15:51]   Fixing geometry for 2025-09-01_Bhavnagar_coupes_NDVI_Change
[2026-02-06 17:15:53]     Geometry fixed for 2025-09-01_Bhavnagar_coupes_NDVI_Change
[2026-02-06 17:15:53]     Table 2026-02-06_bhavnagar_coupes_NDVI_Change created with proper structure
[2026-02-06 17:15:53]   ✗ Error processing coupe bhavnagar_coupe (actual: 2025-09-01_Bhavnagar_coupes_NDVI_Change): column "fid" does not exist
LINE 2:                 SELECT fid, ST_AsGeoJSON(geom), village, cou...
                               ^

[2026-02-06 17:15:53]   Traceback: Traceback (most recent call last):
  File "C:\Nikhil\recap_4NDC\RECAP4NDC\python-services\degradation_analysis.py", line 578, in process_coupes
    cur.execute(f"""
    ~~~~~~~~~~~^^^^^
        SELECT fid, ST_AsGeoJSON(geom), village, coupe_no
        ^^^^^^^^^^^^^^^^^^^^^^^^^^^^^^^^^^^^^^^^^^^^^^^^^
    ...<2 lines>...
        LIMIT 2
        ^^^^^^^
    """)
    ^^^^
psycopg2.errors.UndefinedColumn: column "fid" does not exist
LINE 2:                 SELECT fid, ST_AsGeoJSON(geom), village, cou...
                               ^


[2026-02-06 17:15:53] 
========================================
[2026-02-06 17:15:53] Processing coupe: bhavnagar_coupe
[2026-02-06 17:15:53] Actual table: 2025-09-01_Bhavnagar_coupes_NDVI_Change
[2026-02-06 17:15:53] Creating result table: 2026-02-06_bhavnagar_coupes_NDVI_Change
[2026-02-06 17:15:53] ========================================
[2026-02-06 17:15:53]   Fixing geometry for 2025-09-01_Bhavnagar_coupes_NDVI_Change
[2026-02-06 17:15:55]     Geometry fixed for 2025-09-01_Bhavnagar_coupes_NDVI_Change
[2026-02-06 17:15:55]     Table 2026-02-06_bhavnagar_coupes_NDVI_Change created with proper structure
[2026-02-06 17:15:55]   ✗ Error processing coupe bhavnagar_coupe (actual: 2025-09-01_Bhavnagar_coupes_NDVI_Change): column "fid" does not exist
LINE 2:                 SELECT fid, ST_AsGeoJSON(geom), village, cou...
                               ^

[2026-02-06 17:15:55]   Traceback: Traceback (most recent call last):
  File "C:\Nikhil\recap_4NDC\RECAP4NDC\python-services\degradation_analysis.py", line 578, in process_coupes
    cur.execute(f"""
    ~~~~~~~~~~~^^^^^
        SELECT fid, ST_AsGeoJSON(geom), village, coupe_no
        ^^^^^^^^^^^^^^^^^^^^^^^^^^^^^^^^^^^^^^^^^^^^^^^^^
    ...<2 lines>...
        LIMIT 2
        ^^^^^^^
    """)
    ^^^^
psycopg2.errors.UndefinedColumn: column "fid" does not exist
LINE 2:                 SELECT fid, ST_AsGeoJSON(geom), village, cou...
                               ^


[2026-02-06 17:15:55] 
========================================
[2026-02-06 17:15:55] Processing coupe: bhavnagar_coupe
[2026-02-06 17:15:55] Actual table: 2025-09-01_Bhavnagar_coupes_NDVI_Change
[2026-02-06 17:15:55] Creating result table: 2026-02-06_bhavnagar_coupes_NDVI_Change
[2026-02-06 17:15:55] ========================================
[2026-02-06 17:15:55]   Fixing geometry for 2025-09-01_Bhavnagar_coupes_NDVI_Change
[2026-02-06 17:15:57]     Geometry fixed for 2025-09-01_Bhavnagar_coupes_NDVI_Change
[2026-02-06 17:15:57]     Table 2026-02-06_bhavnagar_coupes_NDVI_Change created with proper structure
[2026-02-06 17:15:57]   ✗ Error processing coupe bhavnagar_coupe (actual: 2025-09-01_Bhavnagar_coupes_NDVI_Change): column "fid" does not exist
LINE 2:                 SELECT fid, ST_AsGeoJSON(geom), village, cou...
                               ^

[2026-02-06 17:15:57]   Traceback: Traceback (most recent call last):
  File "C:\Nikhil\recap_4NDC\RECAP4NDC\python-services\degradation_analysis.py", line 578, in process_coupes
    cur.execute(f"""
    ~~~~~~~~~~~^^^^^
        SELECT fid, ST_AsGeoJSON(geom), village, coupe_no
        ^^^^^^^^^^^^^^^^^^^^^^^^^^^^^^^^^^^^^^^^^^^^^^^^^
    ...<2 lines>...
        LIMIT 2
        ^^^^^^^
    """)
    ^^^^
psycopg2.errors.UndefinedColumn: column "fid" does not exist
LINE 2:                 SELECT fid, ST_AsGeoJSON(geom), village, cou...
                               ^


[2026-02-06 17:15:58] 
========================================
[2026-02-06 17:15:58] Processing coupe: bhavnagar_coupe
[2026-02-06 17:15:58] Actual table: 2025-09-01_Bhavnagar_coupes_NDVI_Change
[2026-02-06 17:15:58] Creating result table: 2026-02-06_bhavnagar_coupes_NDVI_Change
[2026-02-06 17:15:58] ========================================
[2026-02-06 17:15:58]   Fixing geometry for 2025-09-01_Bhavnagar_coupes_NDVI_Change
[2026-02-06 17:15:59]     Geometry fixed for 2025-09-01_Bhavnagar_coupes_NDVI_Change
[2026-02-06 17:16:00]     Table 2026-02-06_bhavnagar_coupes_NDVI_Change created with proper structure
[2026-02-06 17:16:00]   ✗ Error processing coupe bhavnagar_coupe (actual: 2025-09-01_Bhavnagar_coupes_NDVI_Change): column "fid" does not exist
LINE 2:                 SELECT fid, ST_AsGeoJSON(geom), village, cou...
                               ^

[2026-02-06 17:16:00]   Traceback: Traceback (most recent call last):
  File "C:\Nikhil\recap_4NDC\RECAP4NDC\python-services\degradation_analysis.py", line 578, in process_coupes
    cur.execute(f"""
    ~~~~~~~~~~~^^^^^
        SELECT fid, ST_AsGeoJSON(geom), village, coupe_no
        ^^^^^^^^^^^^^^^^^^^^^^^^^^^^^^^^^^^^^^^^^^^^^^^^^
    ...<2 lines>...
        LIMIT 2
        ^^^^^^^
    """)
    ^^^^
psycopg2.errors.UndefinedColumn: column "fid" does not exist
LINE 2:                 SELECT fid, ST_AsGeoJSON(geom), village, cou...
                               ^


[2026-02-06 17:16:00] 
========================================
[2026-02-06 17:16:00] Processing coupe: bhavnagar_coupe
[2026-02-06 17:16:00] Actual table: 2025-09-01_Bhavnagar_coupes_NDVI_Change
[2026-02-06 17:16:00] Creating result table: 2026-02-06_bhavnagar_coupes_NDVI_Change
[2026-02-06 17:16:00] ========================================
[2026-02-06 17:16:00]   Fixing geometry for 2025-09-01_Bhavnagar_coupes_NDVI_Change
[2026-02-06 17:16:02]     Geometry fixed for 2025-09-01_Bhavnagar_coupes_NDVI_Change
[2026-02-06 17:16:02]     Table 2026-02-06_bhavnagar_coupes_NDVI_Change created with proper structure
[2026-02-06 17:16:02]   ✗ Error processing coupe bhavnagar_coupe (actual: 2025-09-01_Bhavnagar_coupes_NDVI_Change): column "fid" does not exist
LINE 2:                 SELECT fid, ST_AsGeoJSON(geom), village, cou...
                               ^

[2026-02-06 17:16:02]   Traceback: Traceback (most recent call last):
  File "C:\Nikhil\recap_4NDC\RECAP4NDC\python-services\degradation_analysis.py", line 578, in process_coupes
    cur.execute(f"""
    ~~~~~~~~~~~^^^^^
        SELECT fid, ST_AsGeoJSON(geom), village, coupe_no
        ^^^^^^^^^^^^^^^^^^^^^^^^^^^^^^^^^^^^^^^^^^^^^^^^^
    ...<2 lines>...
        LIMIT 2
        ^^^^^^^
    """)
    ^^^^
psycopg2.errors.UndefinedColumn: column "fid" does not exist
LINE 2:                 SELECT fid, ST_AsGeoJSON(geom), village, cou...
                               ^


[2026-02-06 17:16:02] 
========================================
[2026-02-06 17:16:02] Processing coupe: bhavnagar_coupe
[2026-02-06 17:16:02] Actual table: 2025-09-01_Bhavnagar_coupes_NDVI_Change
[2026-02-06 17:16:02] Creating result table: 2026-02-06_bhavnagar_coupes_NDVI_Change
[2026-02-06 17:16:02] ========================================
[2026-02-06 17:16:02]   Fixing geometry for 2025-09-01_Bhavnagar_coupes_NDVI_Change
[2026-02-06 17:16:04]     Geometry fixed for 2025-09-01_Bhavnagar_coupes_NDVI_Change
[2026-02-06 17:16:04]     Table 2026-02-06_bhavnagar_coupes_NDVI_Change created with proper structure
[2026-02-06 17:16:04]   ✗ Error processing coupe bhavnagar_coupe (actual: 2025-09-01_Bhavnagar_coupes_NDVI_Change): column "fid" does not exist
LINE 2:                 SELECT fid, ST_AsGeoJSON(geom), village, cou...
                               ^

[2026-02-06 17:16:04]   Traceback: Traceback (most recent call last):
  File "C:\Nikhil\recap_4NDC\RECAP4NDC\python-services\degradation_analysis.py", line 578, in process_coupes
    cur.execute(f"""
    ~~~~~~~~~~~^^^^^
        SELECT fid, ST_AsGeoJSON(geom), village, coupe_no
        ^^^^^^^^^^^^^^^^^^^^^^^^^^^^^^^^^^^^^^^^^^^^^^^^^
    ...<2 lines>...
        LIMIT 2
        ^^^^^^^
    """)
    ^^^^
psycopg2.errors.UndefinedColumn: column "fid" does not exist
LINE 2:                 SELECT fid, ST_AsGeoJSON(geom), village, cou...
                               ^


[2026-02-06 17:16:05] 
========================================
[2026-02-06 17:16:05] Processing coupe: bhavnagar_coupe
[2026-02-06 17:16:05] Actual table: 2025-09-01_Bhavnagar_coupes_NDVI_Change
[2026-02-06 17:16:05] Creating result table: 2026-02-06_bhavnagar_coupes_NDVI_Change
[2026-02-06 17:16:05] ========================================
[2026-02-06 17:16:05]   Fixing geometry for 2025-09-01_Bhavnagar_coupes_NDVI_Change
[2026-02-06 17:16:06]     Geometry fixed for 2025-09-01_Bhavnagar_coupes_NDVI_Change
[2026-02-06 17:16:06]     Table 2026-02-06_bhavnagar_coupes_NDVI_Change created with proper structure
[2026-02-06 17:16:07]   ✗ Error processing coupe bhavnagar_coupe (actual: 2025-09-01_Bhavnagar_coupes_NDVI_Change): column "fid" does not exist
LINE 2:                 SELECT fid, ST_AsGeoJSON(geom), village, cou...
                               ^

[2026-02-06 17:16:07]   Traceback: Traceback (most recent call last):
  File "C:\Nikhil\recap_4NDC\RECAP4NDC\python-services\degradation_analysis.py", line 578, in process_coupes
    cur.execute(f"""
    ~~~~~~~~~~~^^^^^
        SELECT fid, ST_AsGeoJSON(geom), village, coupe_no
        ^^^^^^^^^^^^^^^^^^^^^^^^^^^^^^^^^^^^^^^^^^^^^^^^^
    ...<2 lines>...
        LIMIT 2
        ^^^^^^^
    """)
    ^^^^
psycopg2.errors.UndefinedColumn: column "fid" does not exist
LINE 2:                 SELECT fid, ST_AsGeoJSON(geom), village, cou...
                               ^


[2026-02-06 17:16:07] 
========================================
[2026-02-06 17:16:07] Processing coupe: bhavnagar_coupe
[2026-02-06 17:16:07] Actual table: 2025-09-01_Bhavnagar_coupes_NDVI_Change
[2026-02-06 17:16:07] Creating result table: 2026-02-06_bhavnagar_coupes_NDVI_Change
[2026-02-06 17:16:07] ========================================
[2026-02-06 17:16:07]   Fixing geometry for 2025-09-01_Bhavnagar_coupes_NDVI_Change
[2026-02-06 17:16:09]     Geometry fixed for 2025-09-01_Bhavnagar_coupes_NDVI_Change
[2026-02-06 17:16:09]     Table 2026-02-06_bhavnagar_coupes_NDVI_Change created with proper structure
[2026-02-06 17:16:09]   ✗ Error processing coupe bhavnagar_coupe (actual: 2025-09-01_Bhavnagar_coupes_NDVI_Change): column "fid" does not exist
LINE 2:                 SELECT fid, ST_AsGeoJSON(geom), village, cou...
                               ^

[2026-02-06 17:16:09]   Traceback: Traceback (most recent call last):
  File "C:\Nikhil\recap_4NDC\RECAP4NDC\python-services\degradation_analysis.py", line 578, in process_coupes
    cur.execute(f"""
    ~~~~~~~~~~~^^^^^
        SELECT fid, ST_AsGeoJSON(geom), village, coupe_no
        ^^^^^^^^^^^^^^^^^^^^^^^^^^^^^^^^^^^^^^^^^^^^^^^^^
    ...<2 lines>...
        LIMIT 2
        ^^^^^^^
    """)
    ^^^^
psycopg2.errors.UndefinedColumn: column "fid" does not exist
LINE 2:                 SELECT fid, ST_AsGeoJSON(geom), village, cou...
                               ^


[2026-02-06 17:16:09] 
========================================
[2026-02-06 17:16:09] Processing coupe: bhavnagar_coupe
[2026-02-06 17:16:09] Actual table: 2025-09-01_Bhavnagar_coupes_NDVI_Change
[2026-02-06 17:16:09] Creating result table: 2026-02-06_bhavnagar_coupes_NDVI_Change
[2026-02-06 17:16:09] ========================================
[2026-02-06 17:16:09]   Fixing geometry for 2025-09-01_Bhavnagar_coupes_NDVI_Change
[2026-02-06 17:16:11]     Geometry fixed for 2025-09-01_Bhavnagar_coupes_NDVI_Change
[2026-02-06 17:16:11]     Table 2026-02-06_bhavnagar_coupes_NDVI_Change created with proper structure
[2026-02-06 17:16:11]   ✗ Error processing coupe bhavnagar_coupe (actual: 2025-09-01_Bhavnagar_coupes_NDVI_Change): column "fid" does not exist
LINE 2:                 SELECT fid, ST_AsGeoJSON(geom), village, cou...
                               ^

[2026-02-06 17:16:11]   Traceback: Traceback (most recent call last):
  File "C:\Nikhil\recap_4NDC\RECAP4NDC\python-services\degradation_analysis.py", line 578, in process_coupes
    cur.execute(f"""
    ~~~~~~~~~~~^^^^^
        SELECT fid, ST_AsGeoJSON(geom), village, coupe_no
        ^^^^^^^^^^^^^^^^^^^^^^^^^^^^^^^^^^^^^^^^^^^^^^^^^
    ...<2 lines>...
        LIMIT 2
        ^^^^^^^
    """)
    ^^^^
psycopg2.errors.UndefinedColumn: column "fid" does not exist
LINE 2:                 SELECT fid, ST_AsGeoJSON(geom), village, cou...
                               ^


[2026-02-06 17:16:11] 
========================================
[2026-02-06 17:16:11] Processing coupe: bhavnagar_coupe
[2026-02-06 17:16:11] Actual table: 2025-09-01_Bhavnagar_coupes_NDVI_Change
[2026-02-06 17:16:11] Creating result table: 2026-02-06_bhavnagar_coupes_NDVI_Change
[2026-02-06 17:16:11] ========================================
[2026-02-06 17:16:11]   Fixing geometry for 2025-09-01_Bhavnagar_coupes_NDVI_Change
[2026-02-06 17:16:13]     Geometry fixed for 2025-09-01_Bhavnagar_coupes_NDVI_Change
[2026-02-06 17:16:13]     Table 2026-02-06_bhavnagar_coupes_NDVI_Change created with proper structure
[2026-02-06 17:16:13]   ✗ Error processing coupe bhavnagar_coupe (actual: 2025-09-01_Bhavnagar_coupes_NDVI_Change): column "fid" does not exist
LINE 2:                 SELECT fid, ST_AsGeoJSON(geom), village, cou...
                               ^

[2026-02-06 17:16:13]   Traceback: Traceback (most recent call last):
  File "C:\Nikhil\recap_4NDC\RECAP4NDC\python-services\degradation_analysis.py", line 578, in process_coupes
    cur.execute(f"""
    ~~~~~~~~~~~^^^^^
        SELECT fid, ST_AsGeoJSON(geom), village, coupe_no
        ^^^^^^^^^^^^^^^^^^^^^^^^^^^^^^^^^^^^^^^^^^^^^^^^^
    ...<2 lines>...
        LIMIT 2
        ^^^^^^^
    """)
    ^^^^
psycopg2.errors.UndefinedColumn: column "fid" does not exist
LINE 2:                 SELECT fid, ST_AsGeoJSON(geom), village, cou...
                               ^


[2026-02-06 17:16:14] 
========================================
[2026-02-06 17:16:14] Processing coupe: bhavnagar_coupe
[2026-02-06 17:16:14] Actual table: 2025-09-01_Bhavnagar_coupes_NDVI_Change
[2026-02-06 17:16:14] Creating result table: 2026-02-06_bhavnagar_coupes_NDVI_Change
[2026-02-06 17:16:14] ========================================
[2026-02-06 17:16:14]   Fixing geometry for 2025-09-01_Bhavnagar_coupes_NDVI_Change
[2026-02-06 17:16:15]     Geometry fixed for 2025-09-01_Bhavnagar_coupes_NDVI_Change
[2026-02-06 17:16:16]     Table 2026-02-06_bhavnagar_coupes_NDVI_Change created with proper structure
[2026-02-06 17:16:16]   ✗ Error processing coupe bhavnagar_coupe (actual: 2025-09-01_Bhavnagar_coupes_NDVI_Change): column "fid" does not exist
LINE 2:                 SELECT fid, ST_AsGeoJSON(geom), village, cou...
                               ^

[2026-02-06 17:16:16]   Traceback: Traceback (most recent call last):
  File "C:\Nikhil\recap_4NDC\RECAP4NDC\python-services\degradation_analysis.py", line 578, in process_coupes
    cur.execute(f"""
    ~~~~~~~~~~~^^^^^
        SELECT fid, ST_AsGeoJSON(geom), village, coupe_no
        ^^^^^^^^^^^^^^^^^^^^^^^^^^^^^^^^^^^^^^^^^^^^^^^^^
    ...<2 lines>...
        LIMIT 2
        ^^^^^^^
    """)
    ^^^^
psycopg2.errors.UndefinedColumn: column "fid" does not exist
LINE 2:                 SELECT fid, ST_AsGeoJSON(geom), village, cou...
                               ^


[2026-02-06 17:16:16] 
========================================
[2026-02-06 17:16:16] Processing coupe: bhavnagar_coupe
[2026-02-06 17:16:16] Actual table: 2025-09-01_Bhavnagar_coupes_NDVI_Change
[2026-02-06 17:16:16] Creating result table: 2026-02-06_bhavnagar_coupes_NDVI_Change
[2026-02-06 17:16:16] ========================================
[2026-02-06 17:16:16]   Fixing geometry for 2025-09-01_Bhavnagar_coupes_NDVI_Change
[2026-02-06 17:16:18]     Geometry fixed for 2025-09-01_Bhavnagar_coupes_NDVI_Change
[2026-02-06 17:16:18]     Table 2026-02-06_bhavnagar_coupes_NDVI_Change created with proper structure
[2026-02-06 17:16:18]   ✗ Error processing coupe bhavnagar_coupe (actual: 2025-09-01_Bhavnagar_coupes_NDVI_Change): column "fid" does not exist
LINE 2:                 SELECT fid, ST_AsGeoJSON(geom), village, cou...
                               ^

[2026-02-06 17:16:18]   Traceback: Traceback (most recent call last):
  File "C:\Nikhil\recap_4NDC\RECAP4NDC\python-services\degradation_analysis.py", line 578, in process_coupes
    cur.execute(f"""
    ~~~~~~~~~~~^^^^^
        SELECT fid, ST_AsGeoJSON(geom), village, coupe_no
        ^^^^^^^^^^^^^^^^^^^^^^^^^^^^^^^^^^^^^^^^^^^^^^^^^
    ...<2 lines>...
        LIMIT 2
        ^^^^^^^
    """)
    ^^^^
psycopg2.errors.UndefinedColumn: column "fid" does not exist
LINE 2:                 SELECT fid, ST_AsGeoJSON(geom), village, cou...
                               ^


[2026-02-06 17:16:18] 
========================================
[2026-02-06 17:16:18] Processing coupe: bhavnagar_coupe
[2026-02-06 17:16:18] Actual table: 2025-09-01_Bhavnagar_coupes_NDVI_Change
[2026-02-06 17:16:18] Creating result table: 2026-02-06_bhavnagar_coupes_NDVI_Change
[2026-02-06 17:16:18] ========================================
[2026-02-06 17:16:18]   Fixing geometry for 2025-09-01_Bhavnagar_coupes_NDVI_Change
[2026-02-06 17:16:20]     Geometry fixed for 2025-09-01_Bhavnagar_coupes_NDVI_Change
[2026-02-06 17:16:20]     Table 2026-02-06_bhavnagar_coupes_NDVI_Change created with proper structure
[2026-02-06 17:16:20]   ✗ Error processing coupe bhavnagar_coupe (actual: 2025-09-01_Bhavnagar_coupes_NDVI_Change): column "fid" does not exist
LINE 2:                 SELECT fid, ST_AsGeoJSON(geom), village, cou...
                               ^

[2026-02-06 17:16:20]   Traceback: Traceback (most recent call last):
  File "C:\Nikhil\recap_4NDC\RECAP4NDC\python-services\degradation_analysis.py", line 578, in process_coupes
    cur.execute(f"""
    ~~~~~~~~~~~^^^^^
        SELECT fid, ST_AsGeoJSON(geom), village, coupe_no
        ^^^^^^^^^^^^^^^^^^^^^^^^^^^^^^^^^^^^^^^^^^^^^^^^^
    ...<2 lines>...
        LIMIT 2
        ^^^^^^^
    """)
    ^^^^
psycopg2.errors.UndefinedColumn: column "fid" does not exist
LINE 2:                 SELECT fid, ST_AsGeoJSON(geom), village, cou...
                               ^


[2026-02-06 17:16:21] 
========================================
[2026-02-06 17:16:21] Processing coupe: bhavnagar_coupe
[2026-02-06 17:16:21] Actual table: 2025-09-01_Bhavnagar_coupes_NDVI_Change
[2026-02-06 17:16:21] Creating result table: 2026-02-06_bhavnagar_coupes_NDVI_Change
[2026-02-06 17:16:21] ========================================
[2026-02-06 17:16:21]   Fixing geometry for 2025-09-01_Bhavnagar_coupes_NDVI_Change
[2026-02-06 17:16:22]     Geometry fixed for 2025-09-01_Bhavnagar_coupes_NDVI_Change
[2026-02-06 17:16:23]     Table 2026-02-06_bhavnagar_coupes_NDVI_Change created with proper structure
[2026-02-06 17:16:23]   ✗ Error processing coupe bhavnagar_coupe (actual: 2025-09-01_Bhavnagar_coupes_NDVI_Change): column "fid" does not exist
LINE 2:                 SELECT fid, ST_AsGeoJSON(geom), village, cou...
                               ^

[2026-02-06 17:16:23]   Traceback: Traceback (most recent call last):
  File "C:\Nikhil\recap_4NDC\RECAP4NDC\python-services\degradation_analysis.py", line 578, in process_coupes
    cur.execute(f"""
    ~~~~~~~~~~~^^^^^
        SELECT fid, ST_AsGeoJSON(geom), village, coupe_no
        ^^^^^^^^^^^^^^^^^^^^^^^^^^^^^^^^^^^^^^^^^^^^^^^^^
    ...<2 lines>...
        LIMIT 2
        ^^^^^^^
    """)
    ^^^^
psycopg2.errors.UndefinedColumn: column "fid" does not exist
LINE 2:                 SELECT fid, ST_AsGeoJSON(geom), village, cou...
                               ^


[2026-02-06 17:16:23] 
========================================
[2026-02-06 17:16:23] Processing coupe: bhavnagar_coupe
[2026-02-06 17:16:23] Actual table: 2025-09-01_Bhavnagar_coupes_NDVI_Change
[2026-02-06 17:16:23] Creating result table: 2026-02-06_bhavnagar_coupes_NDVI_Change
[2026-02-06 17:16:23] ========================================
[2026-02-06 17:16:23]   Fixing geometry for 2025-09-01_Bhavnagar_coupes_NDVI_Change
[2026-02-06 17:16:25]     Geometry fixed for 2025-09-01_Bhavnagar_coupes_NDVI_Change
[2026-02-06 17:16:25]     Table 2026-02-06_bhavnagar_coupes_NDVI_Change created with proper structure
[2026-02-06 17:16:25]   ✗ Error processing coupe bhavnagar_coupe (actual: 2025-09-01_Bhavnagar_coupes_NDVI_Change): column "fid" does not exist
LINE 2:                 SELECT fid, ST_AsGeoJSON(geom), village, cou...
                               ^

[2026-02-06 17:16:25]   Traceback: Traceback (most recent call last):
  File "C:\Nikhil\recap_4NDC\RECAP4NDC\python-services\degradation_analysis.py", line 578, in process_coupes
    cur.execute(f"""
    ~~~~~~~~~~~^^^^^
        SELECT fid, ST_AsGeoJSON(geom), village, coupe_no
        ^^^^^^^^^^^^^^^^^^^^^^^^^^^^^^^^^^^^^^^^^^^^^^^^^
    ...<2 lines>...
        LIMIT 2
        ^^^^^^^
    """)
    ^^^^
psycopg2.errors.UndefinedColumn: column "fid" does not exist
LINE 2:                 SELECT fid, ST_AsGeoJSON(geom), village, cou...
                               ^


[2026-02-06 17:16:25] 
========================================
[2026-02-06 17:16:25] Processing coupe: bhavnagar_coupe
[2026-02-06 17:16:25] Actual table: 2025-09-01_Bhavnagar_coupes_NDVI_Change
[2026-02-06 17:16:25] Creating result table: 2026-02-06_bhavnagar_coupes_NDVI_Change
[2026-02-06 17:16:25] ========================================
[2026-02-06 17:16:25]   Fixing geometry for 2025-09-01_Bhavnagar_coupes_NDVI_Change
[2026-02-06 17:16:27]     Geometry fixed for 2025-09-01_Bhavnagar_coupes_NDVI_Change
[2026-02-06 17:16:27]     Table 2026-02-06_bhavnagar_coupes_NDVI_Change created with proper structure
[2026-02-06 17:16:27]   ✗ Error processing coupe bhavnagar_coupe (actual: 2025-09-01_Bhavnagar_coupes_NDVI_Change): column "fid" does not exist
LINE 2:                 SELECT fid, ST_AsGeoJSON(geom), village, cou...
                               ^

[2026-02-06 17:16:27]   Traceback: Traceback (most recent call last):
  File "C:\Nikhil\recap_4NDC\RECAP4NDC\python-services\degradation_analysis.py", line 578, in process_coupes
    cur.execute(f"""
    ~~~~~~~~~~~^^^^^
        SELECT fid, ST_AsGeoJSON(geom), village, coupe_no
        ^^^^^^^^^^^^^^^^^^^^^^^^^^^^^^^^^^^^^^^^^^^^^^^^^
    ...<2 lines>...
        LIMIT 2
        ^^^^^^^
    """)
    ^^^^
psycopg2.errors.UndefinedColumn: column "fid" does not exist
LINE 2:                 SELECT fid, ST_AsGeoJSON(geom), village, cou...
                               ^


[2026-02-06 17:16:28] 
========================================
[2026-02-06 17:16:28] Processing coupe: bhavnagar_coupe
[2026-02-06 17:16:28] Actual table: 2025-09-01_Bhavnagar_coupes_NDVI_Change
[2026-02-06 17:16:28] Creating result table: 2026-02-06_bhavnagar_coupes_NDVI_Change
[2026-02-06 17:16:28] ========================================
[2026-02-06 17:16:28]   Fixing geometry for 2025-09-01_Bhavnagar_coupes_NDVI_Change
[2026-02-06 17:16:29]     Geometry fixed for 2025-09-01_Bhavnagar_coupes_NDVI_Change
[2026-02-06 17:16:30]     Table 2026-02-06_bhavnagar_coupes_NDVI_Change created with proper structure
[2026-02-06 17:16:30]   ✗ Error processing coupe bhavnagar_coupe (actual: 2025-09-01_Bhavnagar_coupes_NDVI_Change): column "fid" does not exist
LINE 2:                 SELECT fid, ST_AsGeoJSON(geom), village, cou...
                               ^

[2026-02-06 17:16:30]   Traceback: Traceback (most recent call last):
  File "C:\Nikhil\recap_4NDC\RECAP4NDC\python-services\degradation_analysis.py", line 578, in process_coupes
    cur.execute(f"""
    ~~~~~~~~~~~^^^^^
        SELECT fid, ST_AsGeoJSON(geom), village, coupe_no
        ^^^^^^^^^^^^^^^^^^^^^^^^^^^^^^^^^^^^^^^^^^^^^^^^^
    ...<2 lines>...
        LIMIT 2
        ^^^^^^^
    """)
    ^^^^
psycopg2.errors.UndefinedColumn: column "fid" does not exist
LINE 2:                 SELECT fid, ST_AsGeoJSON(geom), village, cou...
                               ^


[2026-02-06 17:16:30] 
========================================
[2026-02-06 17:16:30] Processing coupe: bhavnagar_coupe
[2026-02-06 17:16:30] Actual table: 2025-09-01_Bhavnagar_coupes_NDVI_Change
[2026-02-06 17:16:30] Creating result table: 2026-02-06_bhavnagar_coupes_NDVI_Change
[2026-02-06 17:16:30] ========================================
[2026-02-06 17:16:30]   Fixing geometry for 2025-09-01_Bhavnagar_coupes_NDVI_Change
[2026-02-06 17:16:31]     Geometry fixed for 2025-09-01_Bhavnagar_coupes_NDVI_Change
[2026-02-06 17:16:32]     Table 2026-02-06_bhavnagar_coupes_NDVI_Change created with proper structure
[2026-02-06 17:16:32]   ✗ Error processing coupe bhavnagar_coupe (actual: 2025-09-01_Bhavnagar_coupes_NDVI_Change): column "fid" does not exist
LINE 2:                 SELECT fid, ST_AsGeoJSON(geom), village, cou...
                               ^

[2026-02-06 17:16:32]   Traceback: Traceback (most recent call last):
  File "C:\Nikhil\recap_4NDC\RECAP4NDC\python-services\degradation_analysis.py", line 578, in process_coupes
    cur.execute(f"""
    ~~~~~~~~~~~^^^^^
        SELECT fid, ST_AsGeoJSON(geom), village, coupe_no
        ^^^^^^^^^^^^^^^^^^^^^^^^^^^^^^^^^^^^^^^^^^^^^^^^^
    ...<2 lines>...
        LIMIT 2
        ^^^^^^^
    """)
    ^^^^
psycopg2.errors.UndefinedColumn: column "fid" does not exist
LINE 2:                 SELECT fid, ST_AsGeoJSON(geom), village, cou...
                               ^


[2026-02-06 17:16:32] 
========================================
[2026-02-06 17:16:32] Processing coupe: bhavnagar_coupe
[2026-02-06 17:16:32] Actual table: 2025-09-01_Bhavnagar_coupes_NDVI_Change
[2026-02-06 17:16:32] Creating result table: 2026-02-06_bhavnagar_coupes_NDVI_Change
[2026-02-06 17:16:32] ========================================
[2026-02-06 17:16:32]   Fixing geometry for 2025-09-01_Bhavnagar_coupes_NDVI_Change
[2026-02-06 17:16:34]     Geometry fixed for 2025-09-01_Bhavnagar_coupes_NDVI_Change
[2026-02-06 17:16:34]     Table 2026-02-06_bhavnagar_coupes_NDVI_Change created with proper structure
[2026-02-06 17:16:34]   ✗ Error processing coupe bhavnagar_coupe (actual: 2025-09-01_Bhavnagar_coupes_NDVI_Change): column "fid" does not exist
LINE 2:                 SELECT fid, ST_AsGeoJSON(geom), village, cou...
                               ^

[2026-02-06 17:16:34]   Traceback: Traceback (most recent call last):
  File "C:\Nikhil\recap_4NDC\RECAP4NDC\python-services\degradation_analysis.py", line 578, in process_coupes
    cur.execute(f"""
    ~~~~~~~~~~~^^^^^
        SELECT fid, ST_AsGeoJSON(geom), village, coupe_no
        ^^^^^^^^^^^^^^^^^^^^^^^^^^^^^^^^^^^^^^^^^^^^^^^^^
    ...<2 lines>...
        LIMIT 2
        ^^^^^^^
    """)
    ^^^^
psycopg2.errors.UndefinedColumn: column "fid" does not exist
LINE 2:                 SELECT fid, ST_AsGeoJSON(geom), village, cou...
                               ^


[2026-02-06 17:16:34] 
========================================
[2026-02-06 17:16:34] Processing coupe: bhavnagar_coupe
[2026-02-06 17:16:34] Actual table: 2025-09-01_Bhavnagar_coupes_NDVI_Change
[2026-02-06 17:16:34] Creating result table: 2026-02-06_bhavnagar_coupes_NDVI_Change
[2026-02-06 17:16:34] ========================================
[2026-02-06 17:16:34]   Fixing geometry for 2025-09-01_Bhavnagar_coupes_NDVI_Change
[2026-02-06 17:16:36]     Geometry fixed for 2025-09-01_Bhavnagar_coupes_NDVI_Change
[2026-02-06 17:16:36]     Table 2026-02-06_bhavnagar_coupes_NDVI_Change created with proper structure
[2026-02-06 17:16:36]   ✗ Error processing coupe bhavnagar_coupe (actual: 2025-09-01_Bhavnagar_coupes_NDVI_Change): column "fid" does not exist
LINE 2:                 SELECT fid, ST_AsGeoJSON(geom), village, cou...
                               ^

[2026-02-06 17:16:36]   Traceback: Traceback (most recent call last):
  File "C:\Nikhil\recap_4NDC\RECAP4NDC\python-services\degradation_analysis.py", line 578, in process_coupes
    cur.execute(f"""
    ~~~~~~~~~~~^^^^^
        SELECT fid, ST_AsGeoJSON(geom), village, coupe_no
        ^^^^^^^^^^^^^^^^^^^^^^^^^^^^^^^^^^^^^^^^^^^^^^^^^
    ...<2 lines>...
        LIMIT 2
        ^^^^^^^
    """)
    ^^^^
psycopg2.errors.UndefinedColumn: column "fid" does not exist
LINE 2:                 SELECT fid, ST_AsGeoJSON(geom), village, cou...
                               ^


[2026-02-06 17:16:37] 
========================================
[2026-02-06 17:16:37] Processing coupe: bhavnagar_coupe
[2026-02-06 17:16:37] Actual table: 2025-09-01_Bhavnagar_coupes_NDVI_Change
[2026-02-06 17:16:37] Creating result table: 2026-02-06_bhavnagar_coupes_NDVI_Change
[2026-02-06 17:16:37] ========================================
[2026-02-06 17:16:37]   Fixing geometry for 2025-09-01_Bhavnagar_coupes_NDVI_Change
[2026-02-06 17:16:38]     Geometry fixed for 2025-09-01_Bhavnagar_coupes_NDVI_Change
[2026-02-06 17:16:39]     Table 2026-02-06_bhavnagar_coupes_NDVI_Change created with proper structure
[2026-02-06 17:16:39]   ✗ Error processing coupe bhavnagar_coupe (actual: 2025-09-01_Bhavnagar_coupes_NDVI_Change): column "fid" does not exist
LINE 2:                 SELECT fid, ST_AsGeoJSON(geom), village, cou...
                               ^

[2026-02-06 17:16:39]   Traceback: Traceback (most recent call last):
  File "C:\Nikhil\recap_4NDC\RECAP4NDC\python-services\degradation_analysis.py", line 578, in process_coupes
    cur.execute(f"""
    ~~~~~~~~~~~^^^^^
        SELECT fid, ST_AsGeoJSON(geom), village, coupe_no
        ^^^^^^^^^^^^^^^^^^^^^^^^^^^^^^^^^^^^^^^^^^^^^^^^^
    ...<2 lines>...
        LIMIT 2
        ^^^^^^^
    """)
    ^^^^
psycopg2.errors.UndefinedColumn: column "fid" does not exist
LINE 2:                 SELECT fid, ST_AsGeoJSON(geom), village, cou...
                               ^


[2026-02-06 17:16:39] 
========================================
[2026-02-06 17:16:39] Processing coupe: bhavnagar_coupe
[2026-02-06 17:16:39] Actual table: 2025-09-01_Bhavnagar_coupes_NDVI_Change
[2026-02-06 17:16:39] Creating result table: 2026-02-06_bhavnagar_coupes_NDVI_Change
[2026-02-06 17:16:39] ========================================
[2026-02-06 17:16:39]   Fixing geometry for 2025-09-01_Bhavnagar_coupes_NDVI_Change
[2026-02-06 17:16:41]     Geometry fixed for 2025-09-01_Bhavnagar_coupes_NDVI_Change
[2026-02-06 17:16:41]     Table 2026-02-06_bhavnagar_coupes_NDVI_Change created with proper structure
[2026-02-06 17:16:41]   ✗ Error processing coupe bhavnagar_coupe (actual: 2025-09-01_Bhavnagar_coupes_NDVI_Change): column "fid" does not exist
LINE 2:                 SELECT fid, ST_AsGeoJSON(geom), village, cou...
                               ^

[2026-02-06 17:16:41]   Traceback: Traceback (most recent call last):
  File "C:\Nikhil\recap_4NDC\RECAP4NDC\python-services\degradation_analysis.py", line 578, in process_coupes
    cur.execute(f"""
    ~~~~~~~~~~~^^^^^
        SELECT fid, ST_AsGeoJSON(geom), village, coupe_no
        ^^^^^^^^^^^^^^^^^^^^^^^^^^^^^^^^^^^^^^^^^^^^^^^^^
    ...<2 lines>...
        LIMIT 2
        ^^^^^^^
    """)
    ^^^^
psycopg2.errors.UndefinedColumn: column "fid" does not exist
LINE 2:                 SELECT fid, ST_AsGeoJSON(geom), village, cou...
                               ^


[2026-02-06 17:16:41] 
========================================
[2026-02-06 17:16:41] Processing coupe: bhavnagar_coupe
[2026-02-06 17:16:41] Actual table: 2025-09-01_Bhavnagar_coupes_NDVI_Change
[2026-02-06 17:16:41] Creating result table: 2026-02-06_bhavnagar_coupes_NDVI_Change
[2026-02-06 17:16:41] ========================================
[2026-02-06 17:16:41]   Fixing geometry for 2025-09-01_Bhavnagar_coupes_NDVI_Change
[2026-02-06 17:16:43]     Geometry fixed for 2025-09-01_Bhavnagar_coupes_NDVI_Change
[2026-02-06 17:16:43]     Table 2026-02-06_bhavnagar_coupes_NDVI_Change created with proper structure
[2026-02-06 17:16:43]   ✗ Error processing coupe bhavnagar_coupe (actual: 2025-09-01_Bhavnagar_coupes_NDVI_Change): column "fid" does not exist
LINE 2:                 SELECT fid, ST_AsGeoJSON(geom), village, cou...
                               ^

[2026-02-06 17:16:43]   Traceback: Traceback (most recent call last):
  File "C:\Nikhil\recap_4NDC\RECAP4NDC\python-services\degradation_analysis.py", line 578, in process_coupes
    cur.execute(f"""
    ~~~~~~~~~~~^^^^^
        SELECT fid, ST_AsGeoJSON(geom), village, coupe_no
        ^^^^^^^^^^^^^^^^^^^^^^^^^^^^^^^^^^^^^^^^^^^^^^^^^
    ...<2 lines>...
        LIMIT 2
        ^^^^^^^
    """)
    ^^^^
psycopg2.errors.UndefinedColumn: column "fid" does not exist
LINE 2:                 SELECT fid, ST_AsGeoJSON(geom), village, cou...
                               ^


[2026-02-06 17:16:44] 
========================================
[2026-02-06 17:16:44] Processing coupe: bhavnagar_coupe
[2026-02-06 17:16:44] Actual table: 2025-09-01_Bhavnagar_coupes_NDVI_Change
[2026-02-06 17:16:44] Creating result table: 2026-02-06_bhavnagar_coupes_NDVI_Change
[2026-02-06 17:16:44] ========================================
[2026-02-06 17:16:44]   Fixing geometry for 2025-09-01_Bhavnagar_coupes_NDVI_Change
[2026-02-06 17:16:45]     Geometry fixed for 2025-09-01_Bhavnagar_coupes_NDVI_Change
[2026-02-06 17:16:46]     Table 2026-02-06_bhavnagar_coupes_NDVI_Change created with proper structure
[2026-02-06 17:16:46]   ✗ Error processing coupe bhavnagar_coupe (actual: 2025-09-01_Bhavnagar_coupes_NDVI_Change): column "fid" does not exist
LINE 2:                 SELECT fid, ST_AsGeoJSON(geom), village, cou...
                               ^

[2026-02-06 17:16:46]   Traceback: Traceback (most recent call last):
  File "C:\Nikhil\recap_4NDC\RECAP4NDC\python-services\degradation_analysis.py", line 578, in process_coupes
    cur.execute(f"""
    ~~~~~~~~~~~^^^^^
        SELECT fid, ST_AsGeoJSON(geom), village, coupe_no
        ^^^^^^^^^^^^^^^^^^^^^^^^^^^^^^^^^^^^^^^^^^^^^^^^^
    ...<2 lines>...
        LIMIT 2
        ^^^^^^^
    """)
    ^^^^
psycopg2.errors.UndefinedColumn: column "fid" does not exist
LINE 2:                 SELECT fid, ST_AsGeoJSON(geom), village, cou...
                               ^


[2026-02-06 17:16:46] 
========================================
[2026-02-06 17:16:46] Processing coupe: bhavnagar_coupe
[2026-02-06 17:16:46] Actual table: 2025-09-01_Bhavnagar_coupes_NDVI_Change
[2026-02-06 17:16:46] Creating result table: 2026-02-06_bhavnagar_coupes_NDVI_Change
[2026-02-06 17:16:46] ========================================
[2026-02-06 17:16:46]   Fixing geometry for 2025-09-01_Bhavnagar_coupes_NDVI_Change
[2026-02-06 17:16:47]     Geometry fixed for 2025-09-01_Bhavnagar_coupes_NDVI_Change
[2026-02-06 17:16:48]     Table 2026-02-06_bhavnagar_coupes_NDVI_Change created with proper structure
[2026-02-06 17:16:48]   ✗ Error processing coupe bhavnagar_coupe (actual: 2025-09-01_Bhavnagar_coupes_NDVI_Change): column "fid" does not exist
LINE 2:                 SELECT fid, ST_AsGeoJSON(geom), village, cou...
                               ^

[2026-02-06 17:16:48]   Traceback: Traceback (most recent call last):
  File "C:\Nikhil\recap_4NDC\RECAP4NDC\python-services\degradation_analysis.py", line 578, in process_coupes
    cur.execute(f"""
    ~~~~~~~~~~~^^^^^
        SELECT fid, ST_AsGeoJSON(geom), village, coupe_no
        ^^^^^^^^^^^^^^^^^^^^^^^^^^^^^^^^^^^^^^^^^^^^^^^^^
    ...<2 lines>...
        LIMIT 2
        ^^^^^^^
    """)
    ^^^^
psycopg2.errors.UndefinedColumn: column "fid" does not exist
LINE 2:                 SELECT fid, ST_AsGeoJSON(geom), village, cou...
                               ^


[2026-02-06 17:16:48] 
========================================
[2026-02-06 17:16:48] Processing coupe: bhavnagar_coupe
[2026-02-06 17:16:48] Actual table: 2025-09-01_Bhavnagar_coupes_NDVI_Change
[2026-02-06 17:16:48] Creating result table: 2026-02-06_bhavnagar_coupes_NDVI_Change
[2026-02-06 17:16:48] ========================================
[2026-02-06 17:16:48]   Fixing geometry for 2025-09-01_Bhavnagar_coupes_NDVI_Change
[2026-02-06 17:16:50]     Geometry fixed for 2025-09-01_Bhavnagar_coupes_NDVI_Change
[2026-02-06 17:16:50]     Table 2026-02-06_bhavnagar_coupes_NDVI_Change created with proper structure
[2026-02-06 17:16:50]   ✗ Error processing coupe bhavnagar_coupe (actual: 2025-09-01_Bhavnagar_coupes_NDVI_Change): column "fid" does not exist
LINE 2:                 SELECT fid, ST_AsGeoJSON(geom), village, cou...
                               ^

[2026-02-06 17:16:50]   Traceback: Traceback (most recent call last):
  File "C:\Nikhil\recap_4NDC\RECAP4NDC\python-services\degradation_analysis.py", line 578, in process_coupes
    cur.execute(f"""
    ~~~~~~~~~~~^^^^^
        SELECT fid, ST_AsGeoJSON(geom), village, coupe_no
        ^^^^^^^^^^^^^^^^^^^^^^^^^^^^^^^^^^^^^^^^^^^^^^^^^
    ...<2 lines>...
        LIMIT 2
        ^^^^^^^
    """)
    ^^^^
psycopg2.errors.UndefinedColumn: column "fid" does not exist
LINE 2:                 SELECT fid, ST_AsGeoJSON(geom), village, cou...
                               ^


[2026-02-06 17:16:50] 
========================================
[2026-02-06 17:16:50] Processing coupe: bhavnagar_coupe
[2026-02-06 17:16:50] Actual table: 2025-09-01_Bhavnagar_coupes_NDVI_Change
[2026-02-06 17:16:50] Creating result table: 2026-02-06_bhavnagar_coupes_NDVI_Change
[2026-02-06 17:16:50] ========================================
[2026-02-06 17:16:50]   Fixing geometry for 2025-09-01_Bhavnagar_coupes_NDVI_Change
[2026-02-06 17:16:52]     Geometry fixed for 2025-09-01_Bhavnagar_coupes_NDVI_Change
[2026-02-06 17:16:52]     Table 2026-02-06_bhavnagar_coupes_NDVI_Change created with proper structure
[2026-02-06 17:16:52]   ✗ Error processing coupe bhavnagar_coupe (actual: 2025-09-01_Bhavnagar_coupes_NDVI_Change): column "fid" does not exist
LINE 2:                 SELECT fid, ST_AsGeoJSON(geom), village, cou...
                               ^

[2026-02-06 17:16:52]   Traceback: Traceback (most recent call last):
  File "C:\Nikhil\recap_4NDC\RECAP4NDC\python-services\degradation_analysis.py", line 578, in process_coupes
    cur.execute(f"""
    ~~~~~~~~~~~^^^^^
        SELECT fid, ST_AsGeoJSON(geom), village, coupe_no
        ^^^^^^^^^^^^^^^^^^^^^^^^^^^^^^^^^^^^^^^^^^^^^^^^^
    ...<2 lines>...
        LIMIT 2
        ^^^^^^^
    """)
    ^^^^
psycopg2.errors.UndefinedColumn: column "fid" does not exist
LINE 2:                 SELECT fid, ST_AsGeoJSON(geom), village, cou...
                               ^


[2026-02-06 17:16:53] 
========================================
[2026-02-06 17:16:53] Processing coupe: bhavnagar_coupe
[2026-02-06 17:16:53] Actual table: 2025-09-01_Bhavnagar_coupes_NDVI_Change
[2026-02-06 17:16:53] Creating result table: 2026-02-06_bhavnagar_coupes_NDVI_Change
[2026-02-06 17:16:53] ========================================
[2026-02-06 17:16:53]   Fixing geometry for 2025-09-01_Bhavnagar_coupes_NDVI_Change
[2026-02-06 17:16:54] 
Process interrupted by user
[2026-02-06 17:22:30] 
============================================================
[2026-02-06 17:22:30] STARTING DEGRADATION ANALYSIS
[2026-02-06 17:22:30] ============================================================
[2026-02-06 17:22:34] Earth Engine initialized
[2026-02-06 17:22:35] Scanning database for tables...
[2026-02-06 17:22:35] Found 5 polygon tables: ['AUG_Bhavnagar', 'FEB_SKN', 'JAN_Banaskantha_RWD', 'JAN_SKN', 'MAY_Banaskantha_RWD']
[2026-02-06 17:22:35]   Warning: Coupe 'baria_coupe' from master doesn't exist as table
[2026-02-06 17:22:35]   Warning: Coupe 'bhavnagar_coupe' from master doesn't exist as table
[2026-02-06 17:22:36]   Warning: Coupe 'bhavnagar_coupe' from master doesn't exist as table
[2026-02-06 17:22:36]   Warning: Coupe 'bhavnagar_coupe' from master doesn't exist as table
[2026-02-06 17:22:36]   Warning: Coupe 'bhavnagar_coupe' from master doesn't exist as table
[2026-02-06 17:22:36]   Warning: Coupe 'bhavnagar_coupe' from master doesn't exist as table
[2026-02-06 17:22:36]   Warning: Coupe 'bhavnagar_coupe' from master doesn't exist as table
[2026-02-06 17:22:36]   Warning: Coupe 'bhavnagar_coupe' from master doesn't exist as table
[2026-02-06 17:22:36]   Warning: Coupe 'bhavnagar_coupe' from master doesn't exist as table
[2026-02-06 17:22:36]   Warning: Coupe 'bhavnagar_coupe' from master doesn't exist as table
[2026-02-06 17:22:36]   Warning: Coupe 'bhavnagar_coupe' from master doesn't exist as table
[2026-02-06 17:22:36]   Warning: Coupe 'bhavnagar_coupe' from master doesn't exist as table
[2026-02-06 17:22:36]   Warning: Coupe 'bhavnagar_coupe' from master doesn't exist as table
[2026-02-06 17:22:36]   Warning: Coupe 'bhavnagar_coupe' from master doesn't exist as table
[2026-02-06 17:22:36]   Warning: Coupe 'bhavnagar_coupe' from master doesn't exist as table
[2026-02-06 17:22:36]   Warning: Coupe 'bhavnagar_coupe' from master doesn't exist as table
[2026-02-06 17:22:36]   Warning: Coupe 'bhavnagar_coupe' from master doesn't exist as table
[2026-02-06 17:22:36]   Warning: Coupe 'bhavnagar_coupe' from master doesn't exist as table
[2026-02-06 17:22:36]   Warning: Coupe 'bhavnagar_coupe' from master doesn't exist as table
[2026-02-06 17:22:36]   Warning: Coupe 'bhavnagar_coupe' from master doesn't exist as table
[2026-02-06 17:22:37]   Warning: Coupe 'bhavnagar_coupe' from master doesn't exist as table
[2026-02-06 17:22:37]   Warning: Coupe 'bhavnagar_coupe' from master doesn't exist as table
[2026-02-06 17:22:37]   Warning: Coupe 'bhavnagar_coupe' from master doesn't exist as table
[2026-02-06 17:22:37]   Warning: Coupe 'bhavnagar_coupe' from master doesn't exist as table
[2026-02-06 17:22:37]   Warning: Coupe 'bhavnagar_coupe' from master doesn't exist as table
[2026-02-06 17:22:37]   Warning: Coupe 'bhavnagar_coupe' from master doesn't exist as table
[2026-02-06 17:22:37]   Warning: Coupe 'bhavnagar_coupe' from master doesn't exist as table
[2026-02-06 17:22:37]   Warning: Coupe 'bhavnagar_coupe' from master doesn't exist as table
[2026-02-06 17:22:37]   Warning: Coupe 'bhavnagar_coupe' from master doesn't exist as table
[2026-02-06 17:22:37]   Warning: Coupe 'bhavnagar_coupe' from master doesn't exist as table
[2026-02-06 17:22:37]   Warning: Coupe 'bhavnagar_coupe' from master doesn't exist as table
[2026-02-06 17:22:37]   Warning: Coupe 'bhavnagar_coupe' from master doesn't exist as table
[2026-02-06 17:22:37]   Warning: Coupe 'bhavnagar_coupe' from master doesn't exist as table
[2026-02-06 17:22:37]   Warning: Coupe 'bhavnagar_coupe' from master doesn't exist as table
[2026-02-06 17:22:37]   Warning: Coupe 'bhavnagar_coupe' from master doesn't exist as table
[2026-02-06 17:22:37]   Warning: Coupe 'bhavnagar_coupe' from master doesn't exist as table
[2026-02-06 17:22:38]   Warning: Coupe 'bhavnagar_coupe' from master doesn't exist as table
[2026-02-06 17:22:38]   Warning: Coupe 'bhavnagar_coupe' from master doesn't exist as table
[2026-02-06 17:22:38]   Warning: Coupe 'bhavnagar_coupe' from master doesn't exist as table
[2026-02-06 17:22:38]   Warning: Coupe 'bhavnagar_coupe' from master doesn't exist as table
[2026-02-06 17:22:38]   Warning: Coupe 'bhavnagar_coupe' from master doesn't exist as table
[2026-02-06 17:22:38]   Warning: Coupe 'bhavnagar_coupe' from master doesn't exist as table
[2026-02-06 17:22:38]   Warning: Coupe 'bhavnagar_coupe' from master doesn't exist as table
[2026-02-06 17:22:38]   Warning: Coupe 'bhavnagar_coupe' from master doesn't exist as table
[2026-02-06 17:22:38]   Warning: Coupe 'bhavnagar_coupe' from master doesn't exist as table
[2026-02-06 17:22:38]   Warning: Coupe 'bhavnagar_coupe' from master doesn't exist as table
[2026-02-06 17:22:38]   Warning: Coupe 'bhavnagar_coupe' from master doesn't exist as table
[2026-02-06 17:22:38]   Warning: Coupe 'bhavnagar_coupe' from master doesn't exist as table
[2026-02-06 17:22:38]   Warning: Coupe 'bhavnagar_coupe' from master doesn't exist as table
[2026-02-06 17:22:38]   Warning: Coupe 'bhavnagar_coupe' from master doesn't exist as table
[2026-02-06 17:22:38]   Warning: Coupe 'bhavnagar_coupe' from master doesn't exist as table
[2026-02-06 17:22:38]   Warning: Coupe 'bhavnagar_coupe' from master doesn't exist as table
[2026-02-06 17:22:38]   Warning: Coupe 'bhavnagar_coupe' from master doesn't exist as table
[2026-02-06 17:22:38]   Warning: Coupe 'bhavnagar_coupe' from master doesn't exist as table
[2026-02-06 17:22:38]   Warning: Coupe 'bhavnagar_coupe' from master doesn't exist as table
[2026-02-06 17:22:38]   Warning: Coupe 'bhavnagar_coupe' from master doesn't exist as table
[2026-02-06 17:22:39]   Warning: Coupe 'bhavnagar_coupe' from master doesn't exist as table
[2026-02-06 17:22:39]   Warning: Coupe 'bhavnagar_coupe' from master doesn't exist as table
[2026-02-06 17:22:39]   Warning: Coupe 'bhavnagar_coupe' from master doesn't exist as table
[2026-02-06 17:22:39]   Warning: Coupe 'bhavnagar_coupe' from master doesn't exist as table
[2026-02-06 17:22:39]   Warning: Coupe 'bhavnagar_coupe' from master doesn't exist as table
[2026-02-06 17:22:39]   Warning: Coupe 'bhavnagar_coupe' from master doesn't exist as table
[2026-02-06 17:22:39]   Warning: Coupe 'bhavnagar_coupe' from master doesn't exist as table
[2026-02-06 17:22:39]   Warning: Coupe 'bhavnagar_coupe' from master doesn't exist as table
[2026-02-06 17:22:39]   Warning: Coupe 'bhavnagar_coupe' from master doesn't exist as table
[2026-02-06 17:22:39]   Warning: Coupe 'bhavnagar_coupe' from master doesn't exist as table
[2026-02-06 17:22:39]   Warning: Coupe 'bhavnagar_coupe' from master doesn't exist as table
[2026-02-06 17:22:39]   Warning: Coupe 'bhavnagar_coupe' from master doesn't exist as table
[2026-02-06 17:22:39]   Warning: Coupe 'bhavnagar_coupe' from master doesn't exist as table
[2026-02-06 17:22:39]   Warning: Coupe 'bhavnagar_coupe' from master doesn't exist as table
[2026-02-06 17:22:39]   Warning: Coupe 'bhavnagar_coupe' from master doesn't exist as table
[2026-02-06 17:22:39]   Warning: Coupe 'bhavnagar_coupe' from master doesn't exist as table
[2026-02-06 17:22:39]   Warning: Coupe 'bhavnagar_coupe' from master doesn't exist as table
[2026-02-06 17:22:39]   Warning: Coupe 'bhavnagar_coupe' from master doesn't exist as table
[2026-02-06 17:22:39]   Warning: Coupe 'bhavnagar_coupe' from master doesn't exist as table
[2026-02-06 17:22:40]   Warning: Coupe 'bhavnagar_coupe' from master doesn't exist as table
[2026-02-06 17:22:40]   Warning: Coupe 'bhavnagar_coupe' from master doesn't exist as table
[2026-02-06 17:22:40]   Warning: Coupe 'bhavnagar_coupe' from master doesn't exist as table
[2026-02-06 17:22:40]   Warning: Coupe 'bhavnagar_coupe' from master doesn't exist as table
[2026-02-06 17:22:40]   Warning: Coupe 'bhavnagar_coupe' from master doesn't exist as table
[2026-02-06 17:22:40]   Warning: Coupe 'bhavnagar_coupe' from master doesn't exist as table
[2026-02-06 17:22:40]   Warning: Coupe 'bhavnagar_coupe' from master doesn't exist as table
[2026-02-06 17:22:40]   Warning: Coupe 'bhavnagar_coupe' from master doesn't exist as table
[2026-02-06 17:22:40]   Warning: Coupe 'bhavnagar_coupe' from master doesn't exist as table
[2026-02-06 17:22:40]   Warning: Coupe 'bhavnagar_coupe' from master doesn't exist as table
[2026-02-06 17:22:40]   Warning: Coupe 'bhavnagar_coupe' from master doesn't exist as table
[2026-02-06 17:22:40]   Warning: Coupe 'bhavnagar_coupe' from master doesn't exist as table
[2026-02-06 17:22:40]   Warning: Coupe 'bhavnagar_coupe' from master doesn't exist as table
[2026-02-06 17:22:40]   Warning: Coupe 'bhavnagar_coupe' from master doesn't exist as table
[2026-02-06 17:22:40]   Warning: Coupe 'bhavnagar_coupe' from master doesn't exist as table
[2026-02-06 17:22:40]   Warning: Coupe 'bhavnagar_coupe' from master doesn't exist as table
[2026-02-06 17:22:40]   Warning: Coupe 'bhavnagar_coupe' from master doesn't exist as table
[2026-02-06 17:22:41]   Warning: Coupe 'bhavnagar_coupe' from master doesn't exist as table
[2026-02-06 17:22:41]   Warning: Coupe 'bhavnagar_coupe' from master doesn't exist as table
[2026-02-06 17:22:41]   Warning: Coupe 'bhavnagar_coupe' from master doesn't exist as table
[2026-02-06 17:22:41]   Warning: Coupe 'bhavnagar_coupe' from master doesn't exist as table
[2026-02-06 17:22:41]   Warning: Coupe 'bhavnagar_coupe' from master doesn't exist as table
[2026-02-06 17:22:41]   Warning: Coupe 'bhavnagar_coupe' from master doesn't exist as table
[2026-02-06 17:22:41]   Warning: Coupe 'bhavnagar_coupe' from master doesn't exist as table
[2026-02-06 17:22:41]   Warning: Coupe 'bhavnagar_coupe' from master doesn't exist as table
[2026-02-06 17:22:41]   Warning: Coupe 'bhavnagar_coupe' from master doesn't exist as table
[2026-02-06 17:22:41]   Warning: Coupe 'bhavnagar_coupe' from master doesn't exist as table
[2026-02-06 17:22:41]   Warning: Coupe 'bhavnagar_coupe' from master doesn't exist as table
[2026-02-06 17:22:41]   Warning: Coupe 'bhavnagar_coupe' from master doesn't exist as table
[2026-02-06 17:22:41]   Warning: Coupe 'bhavnagar_coupe' from master doesn't exist as table
[2026-02-06 17:22:41]   Warning: Coupe 'bhavnagar_coupe' from master doesn't exist as table
[2026-02-06 17:22:41]   Warning: Coupe 'bhavnagar_coupe' from master doesn't exist as table
[2026-02-06 17:22:41]   Warning: Coupe 'bhavnagar_coupe' from master doesn't exist as table
[2026-02-06 17:22:41]   Warning: Coupe 'bhavnagar_coupe' from master doesn't exist as table
[2026-02-06 17:22:41]   Warning: Coupe 'bhavnagar_coupe' from master doesn't exist as table
[2026-02-06 17:22:42]   Warning: Coupe 'bhavnagar_coupe' from master doesn't exist as table
[2026-02-06 17:22:42]   Warning: Coupe 'bhavnagar_coupe' from master doesn't exist as table
[2026-02-06 17:22:42]   Warning: Coupe 'bhavnagar_coupe' from master doesn't exist as table
[2026-02-06 17:22:42]   Warning: Coupe 'bhavnagar_coupe' from master doesn't exist as table
[2026-02-06 17:22:42]   Warning: Coupe 'bhavnagar_coupe' from master doesn't exist as table
[2026-02-06 17:22:42]   Warning: Coupe 'bhavnagar_coupe' from master doesn't exist as table
[2026-02-06 17:22:42]   Warning: Coupe 'bhavnagar_coupe' from master doesn't exist as table
[2026-02-06 17:22:42]   Warning: Coupe 'bhavnagar_coupe' from master doesn't exist as table
[2026-02-06 17:22:42]   Warning: Coupe 'bhavnagar_coupe' from master doesn't exist as table
[2026-02-06 17:22:42]   Warning: Coupe 'bhavnagar_coupe' from master doesn't exist as table
[2026-02-06 17:22:42]   Warning: Coupe 'bhavnagar_coupe' from master doesn't exist as table
[2026-02-06 17:22:42]   Warning: Coupe 'bhavnagar_coupe' from master doesn't exist as table
[2026-02-06 17:22:42]   Warning: Coupe 'bhavnagar_coupe' from master doesn't exist as table
[2026-02-06 17:22:42]   Warning: Coupe 'bhavnagar_coupe' from master doesn't exist as table
[2026-02-06 17:22:42]   Warning: Coupe 'bhavnagar_coupe' from master doesn't exist as table
[2026-02-06 17:22:43]   Warning: Coupe 'bhavnagar_coupe' from master doesn't exist as table
[2026-02-06 17:22:43]   Warning: Coupe 'bhavnagar_coupe' from master doesn't exist as table
[2026-02-06 17:22:43]   Warning: Coupe 'bhavnagar_coupe' from master doesn't exist as table
[2026-02-06 17:22:43]   Warning: Coupe 'bhavnagar_coupe' from master doesn't exist as table
[2026-02-06 17:22:43]   Warning: Coupe 'bhavnagar_coupe' from master doesn't exist as table
[2026-02-06 17:22:43]   Warning: Coupe 'bhavnagar_coupe' from master doesn't exist as table
[2026-02-06 17:22:43]   Warning: Coupe 'bhavnagar_coupe' from master doesn't exist as table
[2026-02-06 17:22:43]   Warning: Coupe 'bhavnagar_coupe' from master doesn't exist as table
[2026-02-06 17:22:43]   Warning: Coupe 'bhavnagar_coupe' from master doesn't exist as table
[2026-02-06 17:22:43]   Warning: Coupe 'bhavnagar_coupe' from master doesn't exist as table
[2026-02-06 17:22:43]   Warning: Coupe 'bhavnagar_coupe' from master doesn't exist as table
[2026-02-06 17:22:43]   Warning: Coupe 'bhavnagar_coupe' from master doesn't exist as table
[2026-02-06 17:22:43]   Warning: Coupe 'bhavnagar_coupe' from master doesn't exist as table
[2026-02-06 17:22:43]   Warning: Coupe 'bhavnagar_coupe' from master doesn't exist as table
[2026-02-06 17:22:43]   Warning: Coupe 'bhavnagar_coupe' from master doesn't exist as table
[2026-02-06 17:22:43]   Warning: Coupe 'bhavnagar_coupe' from master doesn't exist as table
[2026-02-06 17:22:43]   Warning: Coupe 'bhavnagar_coupe' from master doesn't exist as table
[2026-02-06 17:22:43]   Warning: Coupe 'bhavnagar_coupe' from master doesn't exist as table
[2026-02-06 17:22:44]   Warning: Coupe 'bhavnagar_coupe' from master doesn't exist as table
[2026-02-06 17:22:44]   Warning: Coupe 'bhavnagar_coupe' from master doesn't exist as table
[2026-02-06 17:22:44]   Warning: Coupe 'bhavnagar_coupe' from master doesn't exist as table
[2026-02-06 17:22:44]   Warning: Coupe 'bhavnagar_coupe' from master doesn't exist as table
[2026-02-06 17:22:44]   Warning: Coupe 'bhavnagar_coupe' from master doesn't exist as table
[2026-02-06 17:22:44]   Warning: Coupe 'bhavnagar_coupe' from master doesn't exist as table
[2026-02-06 17:22:44]   Warning: Coupe 'bhavnagar_coupe' from master doesn't exist as table
[2026-02-06 17:22:44]   Warning: Coupe 'bhavnagar_coupe' from master doesn't exist as table
[2026-02-06 17:22:44]   Warning: Coupe 'bhavnagar_coupe' from master doesn't exist as table
[2026-02-06 17:22:44]   Warning: Coupe 'bhavnagar_coupe' from master doesn't exist as table
[2026-02-06 17:22:44]   Warning: Coupe 'bhavnagar_coupe' from master doesn't exist as table
[2026-02-06 17:22:44]   Warning: Coupe 'bhavnagar_coupe' from master doesn't exist as table
[2026-02-06 17:22:44]   Warning: Coupe 'bhavnagar_coupe' from master doesn't exist as table
[2026-02-06 17:22:44]   Warning: Coupe 'bhavnagar_coupe' from master doesn't exist as table
[2026-02-06 17:22:44]   Warning: Coupe 'bhavnagar_coupe' from master doesn't exist as table
[2026-02-06 17:22:44]   Warning: Coupe 'bhavnagar_coupe' from master doesn't exist as table
[2026-02-06 17:22:44]   Warning: Coupe 'bhavnagar_coupe' from master doesn't exist as table
[2026-02-06 17:22:44]   Warning: Coupe 'bharuch_coupe' from master doesn't exist as table
[2026-02-06 17:22:44]   Warning: Coupe 'bharuch_coupe' from master doesn't exist as table
[2026-02-06 17:22:45]   Warning: Coupe 'bharuch_coupe' from master doesn't exist as table
[2026-02-06 17:22:45]   Warning: Coupe 'bharuch_coupe' from master doesn't exist as table
[2026-02-06 17:22:45]   Warning: Coupe 'bharuch_coupe' from master doesn't exist as table
[2026-02-06 17:22:45]   Warning: Coupe 'bharuch_coupe' from master doesn't exist as table
[2026-02-06 17:22:45]   Warning: Coupe 'bharuch_coupe' from master doesn't exist as table
[2026-02-06 17:22:45]   Warning: Coupe 'bharuch_coupe' from master doesn't exist as table
[2026-02-06 17:22:45]   Warning: Coupe 'bharuch_coupe' from master doesn't exist as table
[2026-02-06 17:22:45]   Warning: Coupe 'bharuch_coupe' from master doesn't exist as table
[2026-02-06 17:22:45]   Warning: Coupe 'bharuch_coupe' from master doesn't exist as table
[2026-02-06 17:22:45]   Warning: Coupe 'bharuch_coupe' from master doesn't exist as table
[2026-02-06 17:22:45]   Warning: Coupe 'bharuch_coupe' from master doesn't exist as table
[2026-02-06 17:22:45]   Warning: Coupe 'bharuch_coupe' from master doesn't exist as table
[2026-02-06 17:22:45]   Warning: Coupe 'bharuch_coupe' from master doesn't exist as table
[2026-02-06 17:22:45]   Warning: Coupe 'bharuch_coupe' from master doesn't exist as table
[2026-02-06 17:22:45]   Warning: Coupe 'bharuch_coupe' from master doesn't exist as table
[2026-02-06 17:22:45]   Warning: Coupe 'bharuch_coupe' from master doesn't exist as table
[2026-02-06 17:22:45]   Warning: Coupe 'bharuch_coupe' from master doesn't exist as table
[2026-02-06 17:22:46]   Warning: Coupe 'bharuch_coupe' from master doesn't exist as table
[2026-02-06 17:22:46]   Warning: Coupe 'bharuch_coupe' from master doesn't exist as table
[2026-02-06 17:22:46]   Warning: Coupe 'bharuch_coupe' from master doesn't exist as table
[2026-02-06 17:22:46]   Warning: Coupe 'bharuch_coupe' from master doesn't exist as table
[2026-02-06 17:22:46]   Warning: Coupe 'bharuch_coupe' from master doesn't exist as table
[2026-02-06 17:22:46]   Warning: Coupe 'bharuch_coupe' from master doesn't exist as table
[2026-02-06 17:22:46]   Warning: Coupe 'bharuch_coupe' from master doesn't exist as table
[2026-02-06 17:22:46]   Warning: Coupe 'bharuch_coupe' from master doesn't exist as table
[2026-02-06 17:22:46]   Warning: Coupe 'bharuch_coupe' from master doesn't exist as table
[2026-02-06 17:22:46]   Warning: Coupe 'bharuch_coupe' from master doesn't exist as table
[2026-02-06 17:22:46]   Warning: Coupe 'bharuch_coupe' from master doesn't exist as table
[2026-02-06 17:22:46]   Warning: Coupe 'bharuch_coupe' from master doesn't exist as table
[2026-02-06 17:22:46]   Warning: Coupe 'bharuch_coupe' from master doesn't exist as table
[2026-02-06 17:22:46]   Warning: Coupe 'bharuch_coupe' from master doesn't exist as table
[2026-02-06 17:22:46]   Warning: Coupe 'bharuch_coupe' from master doesn't exist as table
[2026-02-06 17:22:46]   Warning: Coupe 'bharuch_coupe' from master doesn't exist as table
[2026-02-06 17:22:47]   Warning: Coupe 'bharuch_coupe' from master doesn't exist as table
[2026-02-06 17:22:47]   Warning: Coupe 'bharuch_coupe' from master doesn't exist as table
[2026-02-06 17:22:47]   Warning: Coupe 'bharuch_coupe' from master doesn't exist as table
[2026-02-06 17:22:47]   Warning: Coupe 'bharuch_coupe' from master doesn't exist as table
[2026-02-06 17:22:47]   Warning: Coupe 'bharuch_coupe' from master doesn't exist as table
[2026-02-06 17:22:47]   Warning: Coupe 'bharuch_coupe' from master doesn't exist as table
[2026-02-06 17:22:47]   Warning: Coupe 'bharuch_coupe' from master doesn't exist as table
[2026-02-06 17:22:47]   Warning: Coupe 'bharuch_coupe' from master doesn't exist as table
[2026-02-06 17:22:47]   Warning: Coupe 'bharuch_coupe' from master doesn't exist as table
[2026-02-06 17:22:47]   Warning: Coupe 'bharuch_coupe' from master doesn't exist as table
[2026-02-06 17:22:47]   Warning: Coupe 'bharuch_coupe' from master doesn't exist as table
[2026-02-06 17:22:47]   Warning: Coupe 'bharuch_coupe' from master doesn't exist as table
[2026-02-06 17:22:47]   Warning: Coupe 'bharuch_coupe' from master doesn't exist as table
[2026-02-06 17:22:47]   Warning: Coupe 'bharuch_coupe' from master doesn't exist as table
[2026-02-06 17:22:47]   Warning: Coupe 'bharuch_coupe' from master doesn't exist as table
[2026-02-06 17:22:47]   Warning: Coupe 'bharuch_coupe' from master doesn't exist as table
[2026-02-06 17:22:47]   Warning: Coupe 'bharuch_coupe' from master doesn't exist as table
[2026-02-06 17:22:47]   Warning: Coupe 'bharuch_coupe' from master doesn't exist as table
[2026-02-06 17:22:48]   Warning: Coupe 'bharuch_coupe' from master doesn't exist as table
[2026-02-06 17:22:48]   Warning: Coupe 'bharuch_coupe' from master doesn't exist as table
[2026-02-06 17:22:48]   Warning: Coupe 'bharuch_coupe' from master doesn't exist as table
[2026-02-06 17:22:48]   Warning: Coupe 'bharuch_coupe' from master doesn't exist as table
[2026-02-06 17:22:48]   Warning: Coupe 'bharuch_coupe' from master doesn't exist as table
[2026-02-06 17:22:48]   Warning: Coupe 'bharuch_coupe' from master doesn't exist as table
[2026-02-06 17:22:48]   Warning: Coupe 'bharuch_coupe' from master doesn't exist as table
[2026-02-06 17:22:48]   Warning: Coupe 'chhotaudepur_coupe' from master doesn't exist as table
[2026-02-06 17:22:48]   Warning: Coupe 'chhotaudepur_coupe' from master doesn't exist as table
[2026-02-06 17:22:49]   Warning: Coupe 'chhotaudepur_coupe' from master doesn't exist as table
[2026-02-06 17:22:49]   Warning: Coupe 'chhotaudepur_coupe' from master doesn't exist as table
[2026-02-06 17:22:49]   Warning: Coupe 'chhotaudepur_coupe' from master doesn't exist as table
[2026-02-06 17:22:49]   Warning: Coupe 'chhotaudepur_coupe' from master doesn't exist as table
[2026-02-06 17:22:49]   Warning: Coupe 'chhotaudepur_coupe' from master doesn't exist as table
[2026-02-06 17:22:49]   Warning: Coupe 'chhotaudepur_coupe' from master doesn't exist as table
[2026-02-06 17:22:49]   Warning: Coupe 'chhotaudepur_coupe' from master doesn't exist as table
[2026-02-06 17:22:49]   Warning: Coupe 'chhotaudepur_coupe' from master doesn't exist as table
[2026-02-06 17:22:49]   Warning: Coupe 'chhotaudepur_coupe' from master doesn't exist as table
[2026-02-06 17:22:50]   Warning: Coupe 'chhotaudepur_coupe' from master doesn't exist as table
[2026-02-06 17:22:50]   Warning: Coupe 'chhotaudepur_coupe' from master doesn't exist as table
[2026-02-06 17:22:50]   Warning: Coupe 'chhotaudepur_coupe' from master doesn't exist as table
[2026-02-06 17:22:50]   Warning: Coupe 'chhotaudepur_coupe' from master doesn't exist as table
[2026-02-06 17:22:50]   Warning: Coupe 'chhotaudepur_coupe' from master doesn't exist as table
[2026-02-06 17:22:50]   Warning: Coupe 'chhotaudepur_coupe' from master doesn't exist as table
[2026-02-06 17:22:50]   Warning: Coupe 'chhotaudepur_coupe' from master doesn't exist as table
[2026-02-06 17:22:50]   Warning: Coupe 'chhotaudepur_coupe' from master doesn't exist as table
[2026-02-06 17:22:50]   Warning: Coupe 'chhotaudepur_coupe' from master doesn't exist as table
[2026-02-06 17:22:50]   Warning: Coupe 'chhotaudepur_coupe' from master doesn't exist as table
[2026-02-06 17:22:50]   Warning: Coupe 'chhotaudepur_coupe' from master doesn't exist as table
[2026-02-06 17:22:50]   Warning: Coupe 'chhotaudepur_coupe' from master doesn't exist as table
[2026-02-06 17:22:50]   Warning: Coupe 'chhotaudepur_coupe' from master doesn't exist as table
[2026-02-06 17:22:50]   Warning: Coupe 'chhotaudepur_coupe' from master doesn't exist as table
[2026-02-06 17:22:50]   Warning: Coupe 'chhotaudepur_coupe' from master doesn't exist as table
[2026-02-06 17:22:50]   Warning: Coupe 'chhotaudepur_coupe' from master doesn't exist as table
[2026-02-06 17:22:50]   Warning: Coupe 'chhotaudepur_coupe' from master doesn't exist as table
[2026-02-06 17:22:50]   Warning: Coupe 'chhotaudepur_coupe' from master doesn't exist as table
[2026-02-06 17:22:51]   Warning: Coupe 'chhotaudepur_coupe' from master doesn't exist as table
[2026-02-06 17:22:51]   Warning: Coupe 'chhotaudepur_coupe' from master doesn't exist as table
[2026-02-06 17:22:51]   Warning: Coupe 'chhotaudepur_coupe' from master doesn't exist as table
[2026-02-06 17:22:51]   Warning: Coupe 'chhotaudepur_coupe' from master doesn't exist as table
[2026-02-06 17:22:51]   Warning: Coupe 'chhotaudepur_coupe' from master doesn't exist as table
[2026-02-06 17:22:51]   Warning: Coupe 'chhotaudepur_coupe' from master doesn't exist as table
[2026-02-06 17:22:51]   Warning: Coupe 'chhotaudepur_coupe' from master doesn't exist as table
[2026-02-06 17:22:51]   Warning: Coupe 'chhotaudepur_coupe' from master doesn't exist as table
[2026-02-06 17:22:51]   Warning: Coupe 'chhotaudepur_coupe' from master doesn't exist as table
[2026-02-06 17:22:51]   Warning: Coupe 'chhotaudepur_coupe' from master doesn't exist as table
[2026-02-06 17:22:51]   Warning: Coupe 'chhotaudepur_coupe' from master doesn't exist as table
[2026-02-06 17:22:51]   Warning: Coupe 'chhotaudepur_coupe' from master doesn't exist as table
[2026-02-06 17:22:51]   Warning: Coupe 'chhotaudepur_coupe' from master doesn't exist as table
[2026-02-06 17:22:51]   Warning: Coupe 'chhotaudepur_coupe' from master doesn't exist as table
[2026-02-06 17:22:51]   Warning: Coupe 'chhotaudepur_coupe' from master doesn't exist as table
[2026-02-06 17:22:51]   Warning: Coupe 'chhotaudepur_coupe' from master doesn't exist as table
[2026-02-06 17:22:51]   Warning: Coupe 'chhotaudepur_coupe' from master doesn't exist as table
[2026-02-06 17:22:51]   Warning: Coupe 'chhotaudepur_coupe' from master doesn't exist as table
[2026-02-06 17:22:51]   Warning: Coupe 'chhotaudepur_coupe' from master doesn't exist as table
[2026-02-06 17:22:52]   Warning: Coupe 'chhotaudepur_coupe' from master doesn't exist as table
[2026-02-06 17:22:52]   Warning: Coupe 'narmada_coupe' from master doesn't exist as table
[2026-02-06 17:22:52]   Warning: Coupe 'surat_coupe' from master doesn't exist as table
[2026-02-06 17:22:52]   Warning: Coupe 'banaskantha coupe' from master doesn't exist as table
[2026-02-06 17:22:52]   Warning: Coupe 'banaskantha coupe' from master doesn't exist as table
[2026-02-06 17:22:52]   Warning: Coupe 'banaskantha coupe' from master doesn't exist as table
[2026-02-06 17:22:52]   Warning: Coupe 'banaskantha coupe' from master doesn't exist as table
[2026-02-06 17:22:52]   Warning: Coupe 'banaskantha coupe' from master doesn't exist as table
[2026-02-06 17:22:52]   Warning: Coupe 'banaskantha coupe' from master doesn't exist as table
[2026-02-06 17:22:52]   Warning: Coupe 'banaskantha coupe' from master doesn't exist as table
[2026-02-06 17:22:52]   Warning: Coupe 'banaskantha coupe' from master doesn't exist as table
[2026-02-06 17:22:52]   Warning: Coupe 'banaskantha coupe' from master doesn't exist as table
[2026-02-06 17:22:52]   Warning: Coupe 'banaskantha coupe' from master doesn't exist as table
[2026-02-06 17:22:52]   Warning: Coupe 'banaskantha coupe' from master doesn't exist as table
[2026-02-06 17:22:52]   Warning: Coupe 'banaskantha coupe' from master doesn't exist as table
[2026-02-06 17:22:52]   Warning: Coupe 'banaskantha coupe' from master doesn't exist as table
[2026-02-06 17:22:52]   Warning: Coupe 'banaskantha coupe' from master doesn't exist as table
[2026-02-06 17:22:52]   Warning: Coupe 'banaskantha coupe' from master doesn't exist as table
[2026-02-06 17:22:53]   Warning: Coupe 'banaskantha coupe' from master doesn't exist as table
[2026-02-06 17:22:53]   Warning: Coupe 'banaskantha coupe' from master doesn't exist as table
[2026-02-06 17:22:53]   Warning: Coupe 'banaskantha coupe' from master doesn't exist as table
[2026-02-06 17:22:53]   Warning: Coupe 'banaskantha coupe' from master doesn't exist as table
[2026-02-06 17:22:53]   Warning: Coupe 'banaskantha coupe' from master doesn't exist as table
[2026-02-06 17:22:53]   Warning: Coupe 'banaskantha coupe' from master doesn't exist as table
[2026-02-06 17:22:53]   Warning: Coupe 'banaskantha coupe' from master doesn't exist as table
[2026-02-06 17:22:53]   Warning: Coupe 'banaskantha coupe' from master doesn't exist as table
[2026-02-06 17:22:53]   Warning: Coupe 'banaskantha coupe' from master doesn't exist as table
[2026-02-06 17:22:53]   Warning: Coupe 'banaskantha coupe' from master doesn't exist as table
[2026-02-06 17:22:53]   Warning: Coupe 'banaskantha coupe' from master doesn't exist as table
[2026-02-06 17:22:53]   Warning: Coupe 'banaskantha coupe' from master doesn't exist as table
[2026-02-06 17:22:53]   Warning: Coupe 'banaskantha coupe' from master doesn't exist as table
[2026-02-06 17:22:53]   Warning: Coupe 'banaskantha coupe' from master doesn't exist as table
[2026-02-06 17:22:53]   Warning: Coupe 'banaskantha coupe' from master doesn't exist as table
[2026-02-06 17:22:53]   Warning: Coupe 'banaskantha coupe' from master doesn't exist as table
[2026-02-06 17:22:53]   Warning: Coupe 'banaskantha coupe' from master doesn't exist as table
[2026-02-06 17:22:53]   Warning: Coupe 'banaskantha coupe' from master doesn't exist as table
[2026-02-06 17:22:54]   Warning: Coupe 'banaskantha coupe' from master doesn't exist as table
[2026-02-06 17:22:54]   Warning: Coupe 'banaskantha coupe' from master doesn't exist as table
[2026-02-06 17:22:54]   Warning: Coupe 'banaskantha coupe' from master doesn't exist as table
[2026-02-06 17:22:54]   Warning: Coupe 'banaskantha coupe' from master doesn't exist as table
[2026-02-06 17:22:54]   Warning: Coupe 'banaskantha coupe' from master doesn't exist as table
[2026-02-06 17:22:54]   Warning: Coupe 'banaskantha coupe' from master doesn't exist as table
[2026-02-06 17:22:54]   Warning: Coupe 'banaskantha coupe' from master doesn't exist as table
[2026-02-06 17:22:54]   Warning: Coupe 'banaskantha coupe' from master doesn't exist as table
[2026-02-06 17:22:54]   Warning: Coupe 'banaskantha coupe' from master doesn't exist as table
[2026-02-06 17:22:54]   Warning: Coupe 'banaskantha coupe' from master doesn't exist as table
[2026-02-06 17:22:54]   Warning: Coupe 'banaskantha coupe' from master doesn't exist as table
[2026-02-06 17:22:54]   Warning: Coupe 'banaskantha coupe' from master doesn't exist as table
[2026-02-06 17:22:54]   Warning: Coupe 'banaskantha coupe' from master doesn't exist as table
[2026-02-06 17:22:54]   Warning: Coupe 'banaskantha coupe' from master doesn't exist as table
[2026-02-06 17:22:54]   Warning: Coupe 'banaskantha coupe' from master doesn't exist as table
[2026-02-06 17:22:54]   Warning: Coupe 'banaskantha coupe' from master doesn't exist as table
[2026-02-06 17:22:54]   Warning: Coupe 'banaskantha coupe' from master doesn't exist as table
[2026-02-06 17:22:54]   Warning: Coupe 'banaskantha coupe' from master doesn't exist as table
[2026-02-06 17:22:54]   Warning: Coupe 'banaskantha coupe' from master doesn't exist as table
[2026-02-06 17:22:55]   Warning: Coupe 'banaskantha coupe' from master doesn't exist as table
[2026-02-06 17:22:55]   Warning: Coupe 'banaskantha coupe' from master doesn't exist as table
[2026-02-06 17:22:55]   Warning: Coupe 'banaskantha coupe' from master doesn't exist as table
[2026-02-06 17:22:55]   Warning: Coupe 'banaskantha coupe' from master doesn't exist as table
[2026-02-06 17:22:55]   Warning: Coupe 'banaskantha coupe' from master doesn't exist as table
[2026-02-06 17:22:55]   Warning: Coupe 'banaskantha coupe' from master doesn't exist as table
[2026-02-06 17:22:55]   Warning: Coupe 'banaskantha coupe' from master doesn't exist as table
[2026-02-06 17:22:55]   Warning: Coupe 'banaskantha coupe' from master doesn't exist as table
[2026-02-06 17:22:55]   Warning: Coupe 'banaskantha coupe' from master doesn't exist as table
[2026-02-06 17:22:55]   Warning: Coupe 'banaskantha coupe' from master doesn't exist as table
[2026-02-06 17:22:55]   Warning: Coupe 'banaskantha coupe' from master doesn't exist as table
[2026-02-06 17:22:55]   Warning: Coupe 'banaskantha coupe' from master doesn't exist as table
[2026-02-06 17:22:55]   Warning: Coupe 'banaskantha coupe' from master doesn't exist as table
[2026-02-06 17:22:55]   Warning: Coupe 'banaskantha coupe' from master doesn't exist as table
[2026-02-06 17:22:55]   Warning: Coupe 'banaskantha coupe' from master doesn't exist as table
[2026-02-06 17:22:55]   Warning: Coupe 'banaskantha coupe' from master doesn't exist as table
[2026-02-06 17:22:55]   Warning: Coupe 'banaskantha coupe' from master doesn't exist as table
[2026-02-06 17:22:56]   Warning: Coupe 'banaskantha coupe' from master doesn't exist as table
[2026-02-06 17:22:56]   Warning: Coupe 'banaskantha coupe' from master doesn't exist as table
[2026-02-06 17:22:56]   Warning: Coupe 'banaskantha coupe' from master doesn't exist as table
[2026-02-06 17:22:56]   Warning: Coupe 'banaskantha coupe' from master doesn't exist as table
[2026-02-06 17:22:56]   Warning: Coupe 'banaskantha coupe' from master doesn't exist as table
[2026-02-06 17:22:56]   Warning: Coupe 'banaskantha coupe' from master doesn't exist as table
[2026-02-06 17:22:56]   Warning: Coupe 'banaskantha coupe' from master doesn't exist as table
[2026-02-06 17:22:56]   Warning: Coupe 'banaskantha coupe' from master doesn't exist as table
[2026-02-06 17:22:56]   Warning: Coupe 'banaskantha coupe' from master doesn't exist as table
[2026-02-06 17:22:56]   Warning: Coupe 'banaskantha coupe' from master doesn't exist as table
[2026-02-06 17:22:56]   Warning: Coupe 'banaskantha coupe' from master doesn't exist as table
[2026-02-06 17:22:56]   Warning: Coupe 'banaskantha coupe' from master doesn't exist as table
[2026-02-06 17:22:56]   Warning: Coupe 'banaskantha coupe' from master doesn't exist as table
[2026-02-06 17:22:56]   Warning: Coupe 'banaskantha coupe' from master doesn't exist as table
[2026-02-06 17:22:57]   Warning: Coupe 'banaskantha coupe' from master doesn't exist as table
[2026-02-06 17:22:57]   Warning: Coupe 'banaskantha coupe' from master doesn't exist as table
[2026-02-06 17:22:57]   Warning: Coupe 'banaskantha coupe' from master doesn't exist as table
[2026-02-06 17:22:57]   Warning: Coupe 'banaskantha coupe' from master doesn't exist as table
[2026-02-06 17:22:57]   Warning: Coupe 'banaskantha coupe' from master doesn't exist as table
[2026-02-06 17:22:57]   Warning: Coupe 'banaskantha coupe' from master doesn't exist as table
[2026-02-06 17:22:57]   Warning: Coupe 'banaskantha coupe' from master doesn't exist as table
[2026-02-06 17:22:57]   Warning: Coupe 'banaskantha coupe' from master doesn't exist as table
[2026-02-06 17:22:57]   Warning: Coupe 'banaskantha coupe' from master doesn't exist as table
[2026-02-06 17:22:57]   Warning: Coupe 'banaskantha coupe' from master doesn't exist as table
[2026-02-06 17:22:57]   Warning: Coupe 'banaskantha coupe' from master doesn't exist as table
[2026-02-06 17:22:57]   Warning: Coupe 'banaskantha coupe' from master doesn't exist as table
[2026-02-06 17:22:57]   Warning: Coupe 'banaskantha coupe' from master doesn't exist as table
[2026-02-06 17:22:57]   Warning: Coupe 'banaskantha coupe' from master doesn't exist as table
[2026-02-06 17:22:57]   Warning: Coupe 'banaskantha coupe' from master doesn't exist as table
[2026-02-06 17:22:57]   Warning: Coupe 'banaskantha coupe' from master doesn't exist as table
[2026-02-06 17:22:57]   Warning: Coupe 'banaskantha coupe' from master doesn't exist as table
[2026-02-06 17:22:57]   Warning: Coupe 'banaskantha coupe' from master doesn't exist as table
[2026-02-06 17:22:57]   Warning: Coupe 'banaskantha coupe' from master doesn't exist as table
[2026-02-06 17:22:58]   Warning: Coupe 'banaskantha coupe' from master doesn't exist as table
[2026-02-06 17:22:58]   Warning: Coupe 'banaskantha coupe' from master doesn't exist as table
[2026-02-06 17:22:58]   Warning: Coupe 'banaskantha coupe' from master doesn't exist as table
[2026-02-06 17:22:58]   Warning: Coupe 'banaskantha coupe' from master doesn't exist as table
[2026-02-06 17:22:58]   Warning: Coupe 'banaskantha coupe' from master doesn't exist as table
[2026-02-06 17:22:58]   Warning: Coupe 'banaskantha coupe' from master doesn't exist as table
[2026-02-06 17:22:58]   Warning: Coupe 'banaskantha coupe' from master doesn't exist as table
[2026-02-06 17:22:58]   Warning: Coupe 'banaskantha coupe' from master doesn't exist as table
[2026-02-06 17:22:58]   Warning: Coupe 'banaskantha coupe' from master doesn't exist as table
[2026-02-06 17:22:58]   Warning: Coupe 'banaskantha coupe' from master doesn't exist as table
[2026-02-06 17:22:58]   Warning: Coupe 'banaskantha coupe' from master doesn't exist as table
[2026-02-06 17:22:58]   Warning: Coupe 'banaskantha coupe' from master doesn't exist as table
[2026-02-06 17:22:58]   Warning: Coupe 'banaskantha coupe' from master doesn't exist as table
[2026-02-06 17:22:58]   Warning: Coupe 'banaskantha coupe' from master doesn't exist as table
[2026-02-06 17:22:58]   Warning: Coupe 'banaskantha coupe' from master doesn't exist as table
[2026-02-06 17:22:58]   Warning: Coupe 'banaskantha coupe' from master doesn't exist as table
[2026-02-06 17:22:58]   Warning: Coupe 'banaskantha coupe' from master doesn't exist as table
[2026-02-06 17:22:58]   Warning: Coupe 'banaskantha coupe' from master doesn't exist as table
[2026-02-06 17:22:59]   Warning: Coupe 'banaskantha coupe' from master doesn't exist as table
[2026-02-06 17:22:59]   Warning: Coupe 'banaskantha coupe' from master doesn't exist as table
[2026-02-06 17:22:59]   Warning: Coupe 'banaskantha coupe' from master doesn't exist as table
[2026-02-06 17:22:59]   Warning: Coupe 'banaskantha coupe' from master doesn't exist as table
[2026-02-06 17:22:59]   Warning: Coupe 'banaskantha coupe' from master doesn't exist as table
[2026-02-06 17:22:59]   Warning: Coupe 'banaskantha coupe' from master doesn't exist as table
[2026-02-06 17:22:59]   Warning: Coupe 'banaskantha coupe' from master doesn't exist as table
[2026-02-06 17:22:59]   Warning: Coupe 'banaskantha coupe' from master doesn't exist as table
[2026-02-06 17:22:59]   Warning: Coupe 'banaskantha coupe' from master doesn't exist as table
[2026-02-06 17:22:59]   Warning: Coupe 'banaskantha coupe' from master doesn't exist as table
[2026-02-06 17:22:59]   Warning: Coupe 'banaskantha coupe' from master doesn't exist as table
[2026-02-06 17:22:59]   Warning: Coupe 'banaskantha coupe' from master doesn't exist as table
[2026-02-06 17:22:59]   Warning: Coupe 'banaskantha coupe' from master doesn't exist as table
[2026-02-06 17:22:59]   Warning: Coupe 'banaskantha coupe' from master doesn't exist as table
[2026-02-06 17:22:59]   Warning: Coupe 'banaskantha coupe' from master doesn't exist as table
[2026-02-06 17:22:59]   Warning: Coupe 'banaskantha coupe' from master doesn't exist as table
[2026-02-06 17:22:59]   Warning: Coupe 'banaskantha coupe' from master doesn't exist as table
[2026-02-06 17:22:59]   Warning: Coupe 'banaskantha coupe' from master doesn't exist as table
[2026-02-06 17:23:00]   Warning: Coupe 'banaskantha coupe' from master doesn't exist as table
[2026-02-06 17:23:00]   Warning: Coupe 'banaskantha coupe' from master doesn't exist as table
[2026-02-06 17:23:00]   Warning: Coupe 'banaskantha coupe' from master doesn't exist as table
[2026-02-06 17:23:00]   Warning: Coupe 'banaskantha coupe' from master doesn't exist as table
[2026-02-06 17:23:00]   Warning: Coupe 'banaskantha coupe' from master doesn't exist as table
[2026-02-06 17:23:00]   Warning: Coupe 'banaskantha coupe' from master doesn't exist as table
[2026-02-06 17:23:00]   Warning: Coupe 'banaskantha coupe' from master doesn't exist as table
[2026-02-06 17:23:00]   Warning: Coupe 'banaskantha coupe' from master doesn't exist as table
[2026-02-06 17:23:00]   Warning: Coupe 'banaskantha coupe' from master doesn't exist as table
[2026-02-06 17:23:00]   Warning: Coupe 'banaskantha coupe' from master doesn't exist as table
[2026-02-06 17:23:00]   Warning: Coupe 'banaskantha coupe' from master doesn't exist as table
[2026-02-06 17:23:00]   Warning: Coupe 'banaskantha coupe' from master doesn't exist as table
[2026-02-06 17:23:00]   Warning: Coupe 'banaskantha coupe' from master doesn't exist as table
[2026-02-06 17:23:00]   Warning: Coupe 'banaskantha coupe' from master doesn't exist as table
[2026-02-06 17:23:00]   Warning: Coupe 'banaskantha coupe' from master doesn't exist as table
[2026-02-06 17:23:00]   Warning: Coupe 'banaskantha coupe' from master doesn't exist as table
[2026-02-06 17:23:00]   Warning: Coupe 'banaskantha coupe' from master doesn't exist as table
[2026-02-06 17:23:00]   Warning: Coupe 'banaskantha coupe' from master doesn't exist as table
[2026-02-06 17:23:00]   Warning: Coupe 'banaskantha coupe' from master doesn't exist as table
[2026-02-06 17:23:01]   Warning: Coupe 'banaskantha coupe' from master doesn't exist as table
[2026-02-06 17:23:01]   Warning: Coupe 'banaskantha coupe' from master doesn't exist as table
[2026-02-06 17:23:01]   Warning: Coupe 'banaskantha coupe' from master doesn't exist as table
[2026-02-06 17:23:01]   Warning: Coupe 'banaskantha coupe' from master doesn't exist as table
[2026-02-06 17:23:01]   Warning: Coupe 'banaskantha coupe' from master doesn't exist as table
[2026-02-06 17:23:01]   Warning: Coupe 'banaskantha coupe' from master doesn't exist as table
[2026-02-06 17:23:01]   Warning: Coupe 'banaskantha coupe' from master doesn't exist as table
[2026-02-06 17:23:01]   Warning: Coupe 'banaskantha coupe' from master doesn't exist as table
[2026-02-06 17:23:01]   Warning: Coupe 'banaskantha coupe' from master doesn't exist as table
[2026-02-06 17:23:01]   Warning: Coupe 'banaskantha coupe' from master doesn't exist as table
[2026-02-06 17:23:01]   Warning: Coupe 'banaskantha coupe' from master doesn't exist as table
[2026-02-06 17:23:01]   Warning: Coupe 'banaskantha coupe' from master doesn't exist as table
[2026-02-06 17:23:01]   Warning: Coupe 'banaskantha coupe' from master doesn't exist as table
[2026-02-06 17:23:01]   Warning: Coupe 'banaskantha coupe' from master doesn't exist as table
[2026-02-06 17:23:01]   Warning: Coupe 'banaskantha coupe' from master doesn't exist as table
[2026-02-06 17:23:02]   Warning: Coupe 'banaskantha coupe' from master doesn't exist as table
[2026-02-06 17:23:02]   Warning: Coupe 'banaskantha coupe' from master doesn't exist as table
[2026-02-06 17:23:02]   Warning: Coupe 'banaskantha coupe' from master doesn't exist as table
[2026-02-06 17:23:02]   Warning: Coupe 'banaskantha coupe' from master doesn't exist as table
[2026-02-06 17:23:02]   Warning: Coupe 'banaskantha coupe' from master doesn't exist as table
[2026-02-06 17:23:02]   Warning: Coupe 'banaskantha coupe' from master doesn't exist as table
[2026-02-06 17:23:02]   Warning: Coupe 'banaskantha coupe' from master doesn't exist as table
[2026-02-06 17:23:02]   Warning: Coupe 'banaskantha coupe' from master doesn't exist as table
[2026-02-06 17:23:02]   Warning: Coupe 'banaskantha coupe' from master doesn't exist as table
[2026-02-06 17:23:02]   Warning: Coupe 'banaskantha coupe' from master doesn't exist as table
[2026-02-06 17:23:02]   Warning: Coupe 'banaskantha coupe' from master doesn't exist as table
[2026-02-06 17:23:02]   Warning: Coupe 'banaskantha coupe' from master doesn't exist as table
[2026-02-06 17:23:02]   Warning: Coupe 'banaskantha coupe' from master doesn't exist as table
[2026-02-06 17:23:02]   Warning: Coupe 'banaskantha coupe' from master doesn't exist as table
[2026-02-06 17:23:02]   Warning: Coupe 'banaskantha coupe' from master doesn't exist as table
[2026-02-06 17:23:02]   Warning: Coupe 'banaskantha coupe' from master doesn't exist as table
[2026-02-06 17:23:02]   Warning: Coupe 'banaskantha coupe' from master doesn't exist as table
[2026-02-06 17:23:02]   Warning: Coupe 'banaskantha coupe' from master doesn't exist as table
[2026-02-06 17:23:02]   Warning: Coupe 'banaskantha coupe' from master doesn't exist as table
[2026-02-06 17:23:03]   Warning: Coupe 'banaskantha coupe' from master doesn't exist as table
[2026-02-06 17:23:03]   Warning: Coupe 'banaskantha coupe' from master doesn't exist as table
[2026-02-06 17:23:03]   Warning: Coupe 'banaskantha coupe' from master doesn't exist as table
[2026-02-06 17:23:03]   Warning: Coupe 'banaskantha coupe' from master doesn't exist as table
[2026-02-06 17:23:03]   Warning: Coupe 'banaskantha coupe' from master doesn't exist as table
[2026-02-06 17:23:03]   Warning: Coupe 'banaskantha coupe' from master doesn't exist as table
[2026-02-06 17:23:03]   Warning: Coupe 'banaskantha coupe' from master doesn't exist as table
[2026-02-06 17:23:03]   Warning: Coupe 'banaskantha coupe' from master doesn't exist as table
[2026-02-06 17:23:03]   Warning: Coupe 'banaskantha coupe' from master doesn't exist as table
[2026-02-06 17:23:03]   Warning: Coupe 'banaskantha coupe' from master doesn't exist as table
[2026-02-06 17:23:03]   Warning: Coupe 'banaskantha coupe' from master doesn't exist as table
[2026-02-06 17:23:03]   Warning: Coupe 'banaskantha coupe' from master doesn't exist as table
[2026-02-06 17:23:03]   Warning: Coupe 'banaskantha coupe' from master doesn't exist as table
[2026-02-06 17:23:03]   Warning: Coupe 'banaskantha coupe' from master doesn't exist as table
[2026-02-06 17:23:03]   Warning: Coupe 'banaskantha coupe' from master doesn't exist as table
[2026-02-06 17:23:03]   Warning: Coupe 'banaskantha coupe' from master doesn't exist as table
[2026-02-06 17:23:03]   Warning: Coupe 'banaskantha coupe' from master doesn't exist as table
[2026-02-06 17:23:03]   Warning: Coupe 'banaskantha coupe' from master doesn't exist as table
[2026-02-06 17:23:04]   Warning: Coupe 'banaskantha coupe' from master doesn't exist as table
[2026-02-06 17:23:04]   Warning: Coupe 'banaskantha coupe' from master doesn't exist as table
[2026-02-06 17:23:04]   Warning: Coupe 'banaskantha coupe' from master doesn't exist as table
[2026-02-06 17:23:04]   Warning: Coupe 'banaskantha coupe' from master doesn't exist as table
[2026-02-06 17:23:04]   Warning: Coupe 'banaskantha coupe' from master doesn't exist as table
[2026-02-06 17:23:04]   Warning: Coupe 'banaskantha coupe' from master doesn't exist as table
[2026-02-06 17:23:04]   Warning: Coupe 'banaskantha coupe' from master doesn't exist as table
[2026-02-06 17:23:04]   Warning: Coupe 'banaskantha coupe' from master doesn't exist as table
[2026-02-06 17:23:04]   Warning: Coupe 'banaskantha coupe' from master doesn't exist as table
[2026-02-06 17:23:04]   Warning: Coupe 'banaskantha coupe' from master doesn't exist as table
[2026-02-06 17:23:04]   Warning: Coupe 'banaskantha coupe' from master doesn't exist as table
[2026-02-06 17:23:04]   Warning: Coupe 'banaskantha coupe' from master doesn't exist as table
[2026-02-06 17:23:04]   Warning: Coupe 'banaskantha coupe' from master doesn't exist as table
[2026-02-06 17:23:04]   Warning: Coupe 'banaskantha coupe' from master doesn't exist as table
[2026-02-06 17:23:04]   Warning: Coupe 'banaskantha coupe' from master doesn't exist as table
[2026-02-06 17:23:04]   Warning: Coupe 'banaskantha coupe' from master doesn't exist as table
[2026-02-06 17:23:04]   Warning: Coupe 'banaskantha coupe' from master doesn't exist as table
[2026-02-06 17:23:04]   Warning: Coupe 'banaskantha coupe' from master doesn't exist as table
[2026-02-06 17:23:04]   Warning: Coupe 'banaskantha coupe' from master doesn't exist as table
[2026-02-06 17:23:05]   Warning: Coupe 'banaskantha coupe' from master doesn't exist as table
[2026-02-06 17:23:05]   Warning: Coupe 'banaskantha coupe' from master doesn't exist as table
[2026-02-06 17:23:05]   Warning: Coupe 'banaskantha coupe' from master doesn't exist as table
[2026-02-06 17:23:05]   Warning: Coupe 'banaskantha coupe' from master doesn't exist as table
[2026-02-06 17:23:05]   Warning: Coupe 'banaskantha coupe' from master doesn't exist as table
[2026-02-06 17:23:05]   Warning: Coupe 'banaskantha coupe' from master doesn't exist as table
[2026-02-06 17:23:05]   Warning: Coupe 'banaskantha coupe' from master doesn't exist as table
[2026-02-06 17:23:05]   Warning: Coupe 'banaskantha coupe' from master doesn't exist as table
[2026-02-06 17:23:05]   Warning: Coupe 'banaskantha coupe' from master doesn't exist as table
[2026-02-06 17:23:05]   Warning: Coupe 'banaskantha coupe' from master doesn't exist as table
[2026-02-06 17:23:05]   Warning: Coupe 'banaskantha coupe' from master doesn't exist as table
[2026-02-06 17:23:05]   Warning: Coupe 'banaskantha coupe' from master doesn't exist as table
[2026-02-06 17:23:05]   Warning: Coupe 'banaskantha coupe' from master doesn't exist as table
[2026-02-06 17:23:05]   Warning: Coupe 'banaskantha coupe' from master doesn't exist as table
[2026-02-06 17:23:05]   Warning: Coupe 'banaskantha coupe' from master doesn't exist as table
[2026-02-06 17:23:05]   Warning: Coupe 'banaskantha coupe' from master doesn't exist as table
[2026-02-06 17:23:05]   Warning: Coupe 'banaskantha coupe' from master doesn't exist as table
[2026-02-06 17:23:05]   Warning: Coupe 'banaskantha coupe' from master doesn't exist as table
[2026-02-06 17:23:05]   Warning: Coupe 'banaskantha coupe' from master doesn't exist as table
[2026-02-06 17:23:06]   Warning: Coupe 'banaskantha coupe' from master doesn't exist as table
[2026-02-06 17:23:06] 
Process interrupted by user
[2026-02-06 17:23:06]   Warning: Coupe 'banaskantha coupe' from master doesn't exist as table
[2026-02-06 17:23:06]   Warning: Coupe 'banaskantha coupe' from master doesn't exist as table
[2026-02-06 17:23:06]   Warning: Coupe 'banaskantha coupe' from master doesn't exist as table
[2026-02-06 17:23:06]   Warning: Coupe 'banaskantha coupe' from master doesn't exist as table
[2026-02-06 17:23:06]   Warning: Coupe 'banaskantha coupe' from master doesn't exist as table
[2026-02-06 17:23:06]   Warning: Coupe 'banaskantha coupe' from master doesn't exist as table
[2026-02-06 17:23:06]   Warning: Coupe 'banaskantha coupe' from master doesn't exist as table
[2026-02-06 17:23:06]   Warning: Coupe 'banaskantha coupe' from master doesn't exist as table
[2026-02-06 17:23:06]   Warning: Coupe 'banaskantha coupe' from master doesn't exist as table
[2026-02-06 17:23:06]   Warning: Coupe 'banaskantha coupe' from master doesn't exist as table
[2026-02-06 17:23:06]   Warning: Coupe 'banaskantha coupe' from master doesn't exist as table
[2026-02-06 17:23:06]   Warning: Coupe 'banaskantha coupe' from master doesn't exist as table
[2026-02-06 17:23:06]   Warning: Coupe 'banaskantha coupe' from master doesn't exist as table
[2026-02-06 17:23:06]   Warning: Coupe 'banaskantha coupe' from master doesn't exist as table
[2026-02-06 17:23:06]   Warning: Coupe 'banaskantha coupe' from master doesn't exist as table
[2026-02-06 17:23:06]   Warning: Coupe 'banaskantha coupe' from master doesn't exist as table
[2026-02-06 17:23:06]   Warning: Coupe 'banaskantha coupe' from master doesn't exist as table
[2026-02-06 17:23:06]   Warning: Coupe 'banaskantha coupe' from master doesn't exist as table
[2026-02-06 17:23:07]   Warning: Coupe 'banaskantha coupe' from master doesn't exist as table
[2026-02-06 17:23:07]   Warning: Coupe 'banaskantha coupe' from master doesn't exist as table
[2026-02-06 17:23:07]   Warning: Coupe 'banaskantha coupe' from master doesn't exist as table
[2026-02-06 17:23:07]   Warning: Coupe 'banaskantha coupe' from master doesn't exist as table
[2026-02-06 17:23:07]   Warning: Coupe 'banaskantha coupe' from master doesn't exist as table
[2026-02-06 17:23:07]   Warning: Coupe 'banaskantha coupe' from master doesn't exist as table
[2026-02-06 17:23:07]   Warning: Coupe 'banaskantha coupe' from master doesn't exist as table
[2026-02-06 17:23:07]   Warning: Coupe 'banaskantha coupe' from master doesn't exist as table
[2026-02-06 17:23:07]   Warning: Coupe 'banaskantha coupe' from master doesn't exist as table
[2026-02-06 17:23:07]   Warning: Coupe 'banaskantha coupe' from master doesn't exist as table
[2026-02-06 17:23:07]   Warning: Coupe 'banaskantha coupe' from master doesn't exist as table
[2026-02-06 17:23:07]   Warning: Coupe 'banaskantha coupe' from master doesn't exist as table
[2026-02-06 17:23:07]   Warning: Coupe 'banaskantha coupe' from master doesn't exist as table
[2026-02-06 17:23:07]   Warning: Coupe 'banaskantha coupe' from master doesn't exist as table
[2026-02-06 17:23:07]   Warning: Coupe 'baria_coupe' from master doesn't exist as table
[2026-02-06 17:23:07]   Warning: Coupe 'baria_coupe' from master doesn't exist as table
[2026-02-06 17:23:07]   Warning: Coupe 'baria_coupe' from master doesn't exist as table
[2026-02-06 17:23:07]   Warning: Coupe 'baria_coupe' from master doesn't exist as table
[2026-02-06 17:23:08] 
Process interrupted by user
[2026-02-06 17:23:08]   Warning: Coupe 'baria_coupe' from master doesn't exist as table
[2026-02-06 17:23:08]   Warning: Coupe 'baria_coupe' from master doesn't exist as table
[2026-02-06 17:23:08]   Warning: Coupe 'baria_coupe' from master doesn't exist as table
[2026-02-06 17:23:08]   Warning: Coupe 'baria_coupe' from master doesn't exist as table
[2026-02-06 17:23:08]   Warning: Coupe 'baria_coupe' from master doesn't exist as table
[2026-02-06 17:23:08]   Warning: Coupe 'baria_coupe' from master doesn't exist as table
[2026-02-06 17:23:08]   Warning: Coupe 'baria_coupe' from master doesn't exist as table
[2026-02-06 17:23:08]   Warning: Coupe 'baria_coupe' from master doesn't exist as table
[2026-02-06 17:23:08]   Warning: Coupe 'baria_coupe' from master doesn't exist as table
[2026-02-06 17:23:08]   Warning: Coupe 'baria_coupe' from master doesn't exist as table
[2026-02-06 17:23:08] 
Process interrupted by user
[2026-02-06 17:23:08]   Warning: Coupe 'baria_coupe' from master doesn't exist as table
[2026-02-06 17:23:08]   Warning: Coupe 'baria_coupe' from master doesn't exist as table
[2026-02-06 17:23:08]   Warning: Coupe 'baria_coupe' from master doesn't exist as table
[2026-02-06 17:23:08]   Warning: Coupe 'baria_coupe' from master doesn't exist as table
[2026-02-06 17:23:08]   Warning: Coupe 'baria_coupe' from master doesn't exist as table
[2026-02-06 17:23:08]   Warning: Coupe 'baria_coupe' from master doesn't exist as table
[2026-02-06 17:23:08] 
Process interrupted by user
[2026-02-06 17:23:08]   Warning: Coupe 'baria_coupe' from master doesn't exist as table
[2026-02-06 17:23:08]   Warning: Coupe 'baria_coupe' from master doesn't exist as table
[2026-02-06 17:23:09]   Warning: Coupe 'baria_coupe' from master doesn't exist as table
[2026-02-06 17:23:09]   Warning: Coupe 'baria_coupe' from master doesn't exist as table
[2026-02-06 17:23:09] 
Process interrupted by user
[2026-02-06 17:23:09]   Warning: Coupe 'baria_coupe' from master doesn't exist as table
[2026-02-06 17:23:09]   Warning: Coupe 'baria_coupe' from master doesn't exist as table
[2026-02-06 17:23:09]   Warning: Coupe 'baria_coupe' from master doesn't exist as table
[2026-02-06 17:23:09]   Warning: Coupe 'baria_coupe' from master doesn't exist as table
[2026-02-06 17:23:09] 
Process interrupted by user
[2026-02-06 17:23:09]   Warning: Coupe 'baria_coupe' from master doesn't exist as table
[2026-02-06 17:23:09]   Warning: Coupe 'baria_coupe' from master doesn't exist as table
[2026-02-06 17:23:09]   Warning: Coupe 'baria_coupe' from master doesn't exist as table
[2026-02-06 17:23:09]   Warning: Coupe 'baria_coupe' from master doesn't exist as table
[2026-02-06 17:23:09]   Warning: Coupe 'baria_coupe' from master doesn't exist as table
[2026-02-06 17:23:09] 
Process interrupted by user
[2026-02-06 17:23:09]   Warning: Coupe 'baria_coupe' from master doesn't exist as table
[2026-02-06 17:23:09]   Warning: Coupe 'baria_coupe' from master doesn't exist as table
[2026-02-06 17:23:09]   Warning: Coupe 'baria_coupe' from master doesn't exist as table
[2026-02-06 17:23:09]   Warning: Coupe 'baria_coupe' from master doesn't exist as table
[2026-02-06 17:23:09] 
Process interrupted by user
[2026-02-06 17:23:09]   Warning: Coupe 'baria_coupe' from master doesn't exist as table
[2026-02-06 17:23:09]   Warning: Coupe 'baria_coupe' from master doesn't exist as table
[2026-02-06 17:23:09]   Warning: Coupe 'baria_coupe' from master doesn't exist as table
[2026-02-06 17:23:09]   Warning: Coupe 'baria_coupe' from master doesn't exist as table
[2026-02-06 17:23:10]   Warning: Coupe 'baria_coupe' from master doesn't exist as table
[2026-02-06 17:23:10]   Warning: Coupe 'baria_coupe' from master doesn't exist as table
[2026-02-06 17:23:10]   Warning: Coupe 'baria_coupe' from master doesn't exist as table
[2026-02-06 17:23:10]   Warning: Coupe 'baria_coupe' from master doesn't exist as table
[2026-02-06 17:23:10]   Warning: Coupe 'baria_coupe' from master doesn't exist as table
[2026-02-06 17:23:10]   Warning: Coupe 'baria_coupe' from master doesn't exist as table
[2026-02-06 17:23:10]   Warning: Coupe 'baria_coupe' from master doesn't exist as table
[2026-02-06 17:23:10]   Warning: Coupe 'baria_coupe' from master doesn't exist as table
[2026-02-06 17:23:10]   Warning: Coupe 'baria_coupe' from master doesn't exist as table
[2026-02-06 17:23:10] 
Process interrupted by user
[2026-02-06 17:23:10]   Warning: Coupe 'baria_coupe' from master doesn't exist as table
[2026-02-06 17:23:10]   Warning: Coupe 'baria_coupe' from master doesn't exist as table
[2026-02-06 17:23:10]   Warning: Coupe 'baria_coupe' from master doesn't exist as table
[2026-02-06 17:23:10]   Warning: Coupe 'baria_coupe' from master doesn't exist as table
[2026-02-06 17:23:10]   Warning: Coupe 'baria_coupe' from master doesn't exist as table
[2026-02-06 17:23:10]   Warning: Coupe 'baria_coupe' from master doesn't exist as table
[2026-02-06 17:23:10] 
Process interrupted by user
[2026-02-06 17:23:10]   Warning: Coupe 'baria_coupe' from master doesn't exist as table
[2026-02-06 17:23:10]   Warning: Coupe 'baria_coupe' from master doesn't exist as table
[2026-02-06 17:23:10]   Warning: Coupe 'baria_coupe' from master doesn't exist as table
[2026-02-06 17:23:11]   Warning: Coupe 'baria_coupe' from master doesn't exist as table
[2026-02-06 17:23:11]   Warning: Coupe 'baria_coupe' from master doesn't exist as table
[2026-02-06 17:23:11]   Warning: Coupe 'baria_coupe' from master doesn't exist as table
[2026-02-06 17:23:11]   Warning: Coupe 'baria_coupe' from master doesn't exist as table
[2026-02-06 17:23:11]   Warning: Coupe 'baria_coupe' from master doesn't exist as table
[2026-02-06 17:23:11]   Warning: Coupe 'baria_coupe' from master doesn't exist as table
[2026-02-06 17:23:11]   Warning: Coupe 'baria_coupe' from master doesn't exist as table
[2026-02-06 17:23:11]   Warning: Coupe 'baria_coupe' from master doesn't exist as table
[2026-02-06 17:23:11]   Warning: Coupe 'baria_coupe' from master doesn't exist as table
[2026-02-06 17:23:11]   Warning: Coupe 'baria_coupe' from master doesn't exist as table
[2026-02-06 17:23:11]   Warning: Coupe 'baria_coupe' from master doesn't exist as table
[2026-02-06 17:23:11]   Warning: Coupe 'baria_coupe' from master doesn't exist as table
[2026-02-06 17:23:11]   Warning: Coupe 'baria_coupe' from master doesn't exist as table
[2026-02-06 17:23:11]   Warning: Coupe 'baria_coupe' from master doesn't exist as table
[2026-02-06 17:23:11]   Warning: Coupe 'baria_coupe' from master doesn't exist as table
[2026-02-06 17:23:11]   Warning: Coupe 'baria_coupe' from master doesn't exist as table
[2026-02-06 17:23:11]   Warning: Coupe 'baria_coupe' from master doesn't exist as table
[2026-02-06 17:23:11] 
Process interrupted by user
[2026-02-06 17:23:11]   Warning: Coupe 'baria_coupe' from master doesn't exist as table
[2026-02-06 17:23:12]   Warning: Coupe 'baria_coupe' from master doesn't exist as table
[2026-02-06 17:23:12]   Warning: Coupe 'baria_coupe' from master doesn't exist as table
[2026-02-06 17:23:12]   Warning: Coupe 'baria_coupe' from master doesn't exist as table
[2026-02-06 17:23:12]   Warning: Coupe 'baria_coupe' from master doesn't exist as table
[2026-02-06 17:23:12]   Warning: Coupe 'baria_coupe' from master doesn't exist as table
[2026-02-06 17:23:12]   Warning: Coupe 'baria_coupe' from master doesn't exist as table
[2026-02-06 17:23:12]   Warning: Coupe 'baria_coupe' from master doesn't exist as table
[2026-02-06 17:23:12]   Warning: Coupe 'baria_coupe' from master doesn't exist as table
[2026-02-06 17:23:12]   Warning: Coupe 'baria_coupe' from master doesn't exist as table
[2026-02-06 17:23:12]   Warning: Coupe 'baria_coupe' from master doesn't exist as table
[2026-02-06 17:23:12]   Warning: Coupe 'baria_coupe' from master doesn't exist as table
[2026-02-06 17:23:12]   Warning: Coupe 'baria_coupe' from master doesn't exist as table
[2026-02-06 17:23:12]   Warning: Coupe 'baria_coupe' from master doesn't exist as table
[2026-02-06 17:23:12]   Warning: Coupe 'baria_coupe' from master doesn't exist as table
[2026-02-06 17:23:12]   Warning: Coupe 'baria_coupe' from master doesn't exist as table
[2026-02-06 17:23:12]   Warning: Coupe 'baria_coupe' from master doesn't exist as table
[2026-02-06 17:23:12]   Warning: Coupe 'baria_coupe' from master doesn't exist as table
[2026-02-06 17:23:13]   Warning: Coupe 'baria_coupe' from master doesn't exist as table
[2026-02-06 17:23:13]   Warning: Coupe 'baria_coupe' from master doesn't exist as table
[2026-02-06 17:23:13]   Warning: Coupe 'baria_coupe' from master doesn't exist as table
[2026-02-06 17:23:13]   Warning: Coupe 'baria_coupe' from master doesn't exist as table
[2026-02-06 17:23:13]   Warning: Coupe 'baria_coupe' from master doesn't exist as table
[2026-02-06 17:23:13]   Warning: Coupe 'baria_coupe' from master doesn't exist as table
[2026-02-06 17:23:13]   Warning: Coupe 'baria_coupe' from master doesn't exist as table
[2026-02-06 17:23:13]   Warning: Coupe 'baria_coupe' from master doesn't exist as table
[2026-02-06 17:23:13]   Warning: Coupe 'baria_coupe' from master doesn't exist as table
[2026-02-06 17:23:13]   Warning: Coupe 'baria_coupe' from master doesn't exist as table
[2026-02-06 17:23:13]   Warning: Coupe 'baria_coupe' from master doesn't exist as table
[2026-02-06 17:23:13]   Warning: Coupe 'baria_coupe' from master doesn't exist as table
[2026-02-06 17:23:13]   Warning: Coupe 'baria_coupe' from master doesn't exist as table
[2026-02-06 17:23:13]   Warning: Coupe 'baria_coupe' from master doesn't exist as table
[2026-02-06 17:23:13]   Warning: Coupe 'baria_coupe' from master doesn't exist as table
[2026-02-06 17:23:13]   Warning: Coupe 'baria_coupe' from master doesn't exist as table
[2026-02-06 17:23:13]   Warning: Coupe 'baria_coupe' from master doesn't exist as table
[2026-02-06 17:23:14]   Warning: Coupe 'baria_coupe' from master doesn't exist as table
[2026-02-06 17:23:14]   Warning: Coupe 'baria_coupe' from master doesn't exist as table
[2026-02-06 17:23:14]   Warning: Coupe 'baria_coupe' from master doesn't exist as table
[2026-02-06 17:23:14]   Warning: Coupe 'baria_coupe' from master doesn't exist as table
[2026-02-06 17:23:14]   Warning: Coupe 'baria_coupe' from master doesn't exist as table
[2026-02-06 17:23:14]   Warning: Coupe 'baria_coupe' from master doesn't exist as table
[2026-02-06 17:23:14]   Warning: Coupe 'baria_coupe' from master doesn't exist as table
[2026-02-06 17:23:14]   Warning: Coupe 'baria_coupe' from master doesn't exist as table
[2026-02-06 17:23:14]   Warning: Coupe 'baria_coupe' from master doesn't exist as table
[2026-02-06 17:23:14]   Warning: Coupe 'baria_coupe' from master doesn't exist as table
[2026-02-06 17:23:14]   Warning: Coupe 'baria_coupe' from master doesn't exist as table
[2026-02-06 17:23:14]   Warning: Coupe 'baria_coupe' from master doesn't exist as table
[2026-02-06 17:23:14]   Warning: Coupe 'baria_coupe' from master doesn't exist as table
[2026-02-06 17:23:14]   Warning: Coupe 'baria_coupe' from master doesn't exist as table
[2026-02-06 17:23:14]   Warning: Coupe 'baria_coupe' from master doesn't exist as table
[2026-02-06 17:23:14]   Warning: Coupe 'baria_coupe' from master doesn't exist as table
[2026-02-06 17:23:14]   Warning: Coupe 'baria_coupe' from master doesn't exist as table
[2026-02-06 17:23:14]   Warning: Coupe 'baria_coupe' from master doesn't exist as table
[2026-02-06 17:23:15]   Warning: Coupe 'baria_coupe' from master doesn't exist as table
[2026-02-06 17:23:15]   Warning: Coupe 'baria_coupe' from master doesn't exist as table
[2026-02-06 17:23:15]   Warning: Coupe 'baria_coupe' from master doesn't exist as table
[2026-02-06 17:23:15]   Warning: Coupe 'baria_coupe' from master doesn't exist as table
[2026-02-06 17:23:15]   Warning: Coupe 'baria_coupe' from master doesn't exist as table
[2026-02-06 17:23:15]   Warning: Coupe 'baria_coupe' from master doesn't exist as table
[2026-02-06 17:23:15]   Warning: Coupe 'baria_coupe' from master doesn't exist as table
[2026-02-06 17:23:15]   Warning: Coupe 'baria_coupe' from master doesn't exist as table
[2026-02-06 17:23:15]   Warning: Coupe 'baria_coupe' from master doesn't exist as table
[2026-02-06 17:23:15]   Warning: Coupe 'baria_coupe' from master doesn't exist as table
[2026-02-06 17:23:15]   Warning: Coupe 'baria_coupe' from master doesn't exist as table
[2026-02-06 17:23:15]   Warning: Coupe 'baria_coupe' from master doesn't exist as table
[2026-02-06 17:23:15]   Warning: Coupe 'baria_coupe' from master doesn't exist as table
[2026-02-06 17:23:15]   Warning: Coupe 'baria_coupe' from master doesn't exist as table
[2026-02-06 17:23:15]   Warning: Coupe 'baria_coupe' from master doesn't exist as table
[2026-02-06 17:23:15]   Warning: Coupe 'baria_coupe' from master doesn't exist as table
[2026-02-06 17:23:15]   Warning: Coupe 'baria_coupe' from master doesn't exist as table
[2026-02-06 17:23:15]   Warning: Coupe 'baria_coupe' from master doesn't exist as table
[2026-02-06 17:23:15]   Warning: Coupe 'baria_coupe' from master doesn't exist as table
[2026-02-06 17:23:16]   Warning: Coupe 'baria_coupe' from master doesn't exist as table
[2026-02-06 17:23:16]   Warning: Coupe 'baria_coupe' from master doesn't exist as table
[2026-02-06 17:23:16]   Warning: Coupe 'baria_coupe' from master doesn't exist as table
[2026-02-06 17:23:16]   Warning: Coupe 'baria_coupe' from master doesn't exist as table
[2026-02-06 17:23:16]   Warning: Coupe 'baria_coupe' from master doesn't exist as table
[2026-02-06 17:23:16]   Warning: Coupe 'baria_coupe' from master doesn't exist as table
[2026-02-06 17:23:16]   Warning: Coupe 'baria_coupe' from master doesn't exist as table
[2026-02-06 17:23:16]   Warning: Coupe 'baria_coupe' from master doesn't exist as table
[2026-02-06 17:23:16]   Warning: Coupe 'baria_coupe' from master doesn't exist as table
[2026-02-06 17:23:16]   Warning: Coupe 'baria_coupe' from master doesn't exist as table
[2026-02-06 17:23:16]   Warning: Coupe 'baria_coupe' from master doesn't exist as table
[2026-02-06 17:23:16]   Warning: Coupe 'baria_coupe' from master doesn't exist as table
[2026-02-06 17:23:16]   Warning: Coupe 'baria_coupe' from master doesn't exist as table
[2026-02-06 17:23:16]   Warning: Coupe 'baria_coupe' from master doesn't exist as table
[2026-02-06 17:23:16]   Warning: Coupe 'baria_coupe' from master doesn't exist as table
[2026-02-06 17:23:16]   Warning: Coupe 'baria_coupe' from master doesn't exist as table
[2026-02-06 17:23:16]   Warning: Coupe 'baria_coupe' from master doesn't exist as table
[2026-02-06 17:23:16]   Warning: Coupe 'baria_coupe' from master doesn't exist as table
[2026-02-06 17:23:17]   Warning: Coupe 'baria_coupe' from master doesn't exist as table
[2026-02-06 17:23:17]   Warning: Coupe 'baria_coupe' from master doesn't exist as table
[2026-02-06 17:23:17]   Warning: Coupe 'baria_coupe' from master doesn't exist as table
[2026-02-06 17:23:17]   Warning: Coupe 'baria_coupe' from master doesn't exist as table
[2026-02-06 17:23:17]   Warning: Coupe 'baria_coupe' from master doesn't exist as table
[2026-02-06 17:23:17]   Warning: Coupe 'baria_coupe' from master doesn't exist as table
[2026-02-06 17:23:17]   Warning: Coupe 'baria_coupe' from master doesn't exist as table
[2026-02-06 17:23:17]   Warning: Coupe 'baria_coupe' from master doesn't exist as table
[2026-02-06 17:23:17]   Warning: Coupe 'baria_coupe' from master doesn't exist as table
[2026-02-06 17:23:17]   Warning: Coupe 'baria_coupe' from master doesn't exist as table
[2026-02-06 17:23:17]   Warning: Coupe 'baria_coupe' from master doesn't exist as table
[2026-02-06 17:23:17]   Warning: Coupe 'baria_coupe' from master doesn't exist as table
[2026-02-06 17:23:17]   Warning: Coupe 'baria_coupe' from master doesn't exist as table
[2026-02-06 17:23:17]   Warning: Coupe 'baria_coupe' from master doesn't exist as table
[2026-02-06 17:23:17]   Warning: Coupe 'baria_coupe' from master doesn't exist as table
[2026-02-06 17:23:17]   Warning: Coupe 'baria_coupe' from master doesn't exist as table
[2026-02-06 17:23:17]   Warning: Coupe 'baria_coupe' from master doesn't exist as table
[2026-02-06 17:23:17]   Warning: Coupe 'baria_coupe' from master doesn't exist as table
[2026-02-06 17:23:17]   Warning: Coupe 'baria_coupe' from master doesn't exist as table
[2026-02-06 17:23:18]   Warning: Coupe 'baria_coupe' from master doesn't exist as table
[2026-02-06 17:23:18]   Warning: Coupe 'baria_coupe' from master doesn't exist as table
[2026-02-06 17:23:18]   Warning: Coupe 'baria_coupe' from master doesn't exist as table
[2026-02-06 17:23:18]   Warning: Coupe 'baria_coupe' from master doesn't exist as table
[2026-02-06 17:23:18]   Warning: Coupe 'baria_coupe' from master doesn't exist as table
[2026-02-06 17:23:18]   Warning: Coupe 'baria_coupe' from master doesn't exist as table
[2026-02-06 17:23:18]   Warning: Coupe 'baria_coupe' from master doesn't exist as table
[2026-02-06 17:23:18]   Warning: Coupe 'baria_coupe' from master doesn't exist as table
[2026-02-06 17:23:18]   Warning: Coupe 'baria_coupe' from master doesn't exist as table
[2026-02-06 17:23:18]   Warning: Coupe 'baria_coupe' from master doesn't exist as table
[2026-02-06 17:23:18]   Warning: Coupe 'baria_coupe' from master doesn't exist as table
[2026-02-06 17:23:18]   Warning: Coupe 'baria_coupe' from master doesn't exist as table
[2026-02-06 17:23:18]   Warning: Coupe 'baria_coupe' from master doesn't exist as table
[2026-02-06 17:23:18]   Warning: Coupe 'baria_coupe' from master doesn't exist as table
[2026-02-06 17:23:18]   Warning: Coupe 'baria_coupe' from master doesn't exist as table
[2026-02-06 17:23:18]   Warning: Coupe 'baria_coupe' from master doesn't exist as table
[2026-02-06 17:23:18]   Warning: Coupe 'baria_coupe' from master doesn't exist as table
[2026-02-06 17:23:18]   Warning: Coupe 'baria_coupe' from master doesn't exist as table
[2026-02-06 17:23:18]   Warning: Coupe 'baria_coupe' from master doesn't exist as table
[2026-02-06 17:23:19]   Warning: Coupe 'baria_coupe' from master doesn't exist as table
[2026-02-06 17:23:19]   Warning: Coupe 'baria_coupe' from master doesn't exist as table
[2026-02-06 17:23:19]   Warning: Coupe 'baria_coupe' from master doesn't exist as table
[2026-02-06 17:23:19]   Warning: Coupe 'baria_coupe' from master doesn't exist as table
[2026-02-06 17:23:19]   Warning: Coupe 'baria_coupe' from master doesn't exist as table
[2026-02-06 17:23:19]   Warning: Coupe 'baria_coupe' from master doesn't exist as table
[2026-02-06 17:23:19]   Warning: Coupe 'baria_coupe' from master doesn't exist as table
[2026-02-06 17:23:19]   Warning: Coupe 'baria_coupe' from master doesn't exist as table
[2026-02-06 17:23:19]   Warning: Coupe 'baria_coupe' from master doesn't exist as table
[2026-02-06 17:23:19]   Warning: Coupe 'baria_coupe' from master doesn't exist as table
[2026-02-06 17:23:19]   Warning: Coupe 'baria_coupe' from master doesn't exist as table
[2026-02-06 17:23:19]   Warning: Coupe 'baria_coupe' from master doesn't exist as table
[2026-02-06 17:23:19]   Warning: Coupe 'baria_coupe' from master doesn't exist as table
[2026-02-06 17:23:19]   Warning: Coupe 'baria_coupe' from master doesn't exist as table
[2026-02-06 17:23:19]   Warning: Coupe 'baria_coupe' from master doesn't exist as table
[2026-02-06 17:23:19]   Warning: Coupe 'baria_coupe' from master doesn't exist as table
[2026-02-06 17:23:19]   Warning: Coupe 'baria_coupe' from master doesn't exist as table
[2026-02-06 17:23:20]   Warning: Coupe 'baria_coupe' from master doesn't exist as table
[2026-02-06 17:23:20]   Warning: Coupe 'baria_coupe' from master doesn't exist as table
[2026-02-06 17:23:20]   Warning: Coupe 'baria_coupe' from master doesn't exist as table
[2026-02-06 17:23:20]   Warning: Coupe 'baria_coupe' from master doesn't exist as table
[2026-02-06 17:23:20]   Warning: Coupe 'baria_coupe' from master doesn't exist as table
[2026-02-06 17:23:20]   Warning: Coupe 'baria_coupe' from master doesn't exist as table
[2026-02-06 17:23:20]   Warning: Coupe 'baria_coupe' from master doesn't exist as table
[2026-02-06 17:23:20]   Warning: Coupe 'baria_coupe' from master doesn't exist as table
[2026-02-06 17:23:20]   Warning: Coupe 'baria_coupe' from master doesn't exist as table
[2026-02-06 17:23:20]   Warning: Coupe 'baria_coupe' from master doesn't exist as table
[2026-02-06 17:23:20]   Warning: Coupe 'baria_coupe' from master doesn't exist as table
[2026-02-06 17:23:20]   Warning: Coupe 'baria_coupe' from master doesn't exist as table
[2026-02-06 17:23:20]   Warning: Coupe 'baria_coupe' from master doesn't exist as table
[2026-02-06 17:23:20]   Warning: Coupe 'baria_coupe' from master doesn't exist as table
[2026-02-06 17:23:20]   Warning: Coupe 'baria_coupe' from master doesn't exist as table
[2026-02-06 17:23:20]   Warning: Coupe 'baria_coupe' from master doesn't exist as table
[2026-02-06 17:23:20]   Warning: Coupe 'baria_coupe' from master doesn't exist as table
[2026-02-06 17:23:20]   Warning: Coupe 'baria_coupe' from master doesn't exist as table
[2026-02-06 17:23:20]   Warning: Coupe 'baria_coupe' from master doesn't exist as table
[2026-02-06 17:23:21]   Warning: Coupe 'baria_coupe' from master doesn't exist as table
[2026-02-06 17:23:21]   Warning: Coupe 'baria_coupe' from master doesn't exist as table
[2026-02-06 17:23:21]   Warning: Coupe 'baria_coupe' from master doesn't exist as table
[2026-02-06 17:23:21]   Warning: Coupe 'baria_coupe' from master doesn't exist as table
[2026-02-06 17:23:21]   Warning: Coupe 'baria_coupe' from master doesn't exist as table
[2026-02-06 17:23:21]   Warning: Coupe 'baria_coupe' from master doesn't exist as table
[2026-02-06 17:23:21]   Warning: Coupe 'baria_coupe' from master doesn't exist as table
[2026-02-06 17:23:21]   Warning: Coupe 'baria_coupe' from master doesn't exist as table
[2026-02-06 17:23:21]   Warning: Coupe 'baria_coupe' from master doesn't exist as table
[2026-02-06 17:23:21]   Warning: Coupe 'baria_coupe' from master doesn't exist as table
[2026-02-06 17:23:21]   Warning: Coupe 'baria_coupe' from master doesn't exist as table
[2026-02-06 17:23:21]   Warning: Coupe 'baria_coupe' from master doesn't exist as table
[2026-02-06 17:23:21]   Warning: Coupe 'baria_coupe' from master doesn't exist as table
[2026-02-06 17:23:21]   Warning: Coupe 'baria_coupe' from master doesn't exist as table
[2026-02-06 17:23:21]   Warning: Coupe 'baria_coupe' from master doesn't exist as table
[2026-02-06 17:23:21]   Warning: Coupe 'baria_coupe' from master doesn't exist as table
[2026-02-06 17:23:21]   Warning: Coupe 'baria_coupe' from master doesn't exist as table
[2026-02-06 17:23:21]   Warning: Coupe 'baria_coupe' from master doesn't exist as table
[2026-02-06 17:23:21]   Warning: Coupe 'baria_coupe' from master doesn't exist as table
[2026-02-06 17:23:22]   Warning: Coupe 'baria_coupe' from master doesn't exist as table
[2026-02-06 17:23:22]   Warning: Coupe 'baria_coupe' from master doesn't exist as table
[2026-02-06 17:23:22]   Warning: Coupe 'baria_coupe' from master doesn't exist as table
[2026-02-06 17:23:22]   Warning: Coupe 'baria_coupe' from master doesn't exist as table
[2026-02-06 17:23:22]   Warning: Coupe 'baria_coupe' from master doesn't exist as table
[2026-02-06 17:23:22]   Warning: Coupe 'baria_coupe' from master doesn't exist as table
[2026-02-06 17:23:22]   Warning: Coupe 'baria_coupe' from master doesn't exist as table
[2026-02-06 17:23:22]   Warning: Coupe 'baria_coupe' from master doesn't exist as table
[2026-02-06 17:23:22]   Warning: Coupe 'baria_coupe' from master doesn't exist as table
[2026-02-06 17:23:22]   Warning: Coupe 'baria_coupe' from master doesn't exist as table
[2026-02-06 17:23:22]   Warning: Coupe 'baria_coupe' from master doesn't exist as table
[2026-02-06 17:23:22]   Warning: Coupe 'baria_coupe' from master doesn't exist as table
[2026-02-06 17:23:22]   Warning: Coupe 'baria_coupe' from master doesn't exist as table
[2026-02-06 17:23:22]   Warning: Coupe 'baria_coupe' from master doesn't exist as table
[2026-02-06 17:23:22]   Warning: Coupe 'baria_coupe' from master doesn't exist as table
[2026-02-06 17:23:22]   Warning: Coupe 'baria_coupe' from master doesn't exist as table
[2026-02-06 17:23:22]   Warning: Coupe 'baria_coupe' from master doesn't exist as table
[2026-02-06 17:23:22]   Warning: Coupe 'baria_coupe' from master doesn't exist as table
[2026-02-06 17:23:23]   Warning: Coupe 'baria_coupe' from master doesn't exist as table
[2026-02-06 17:23:23]   Warning: Coupe 'baria_coupe' from master doesn't exist as table
[2026-02-06 17:23:23]   Warning: Coupe 'baria_coupe' from master doesn't exist as table
[2026-02-06 17:23:23]   Warning: Coupe 'baria_coupe' from master doesn't exist as table
[2026-02-06 17:23:23]   Warning: Coupe 'baria_coupe' from master doesn't exist as table
[2026-02-06 17:23:23]   Warning: Coupe 'baria_coupe' from master doesn't exist as table
[2026-02-06 17:23:23]   Warning: Coupe 'baria_coupe' from master doesn't exist as table
[2026-02-06 17:23:23]   Warning: Coupe 'baria_coupe' from master doesn't exist as table
[2026-02-06 17:23:23]   Warning: Coupe 'baria_coupe' from master doesn't exist as table
[2026-02-06 17:23:23]   Warning: Coupe 'baria_coupe' from master doesn't exist as table
[2026-02-06 17:23:23]   Warning: Coupe 'baria_coupe' from master doesn't exist as table
[2026-02-06 17:23:23]   Warning: Coupe 'baria_coupe' from master doesn't exist as table
[2026-02-06 17:23:23]   Warning: Coupe 'baria_coupe' from master doesn't exist as table
[2026-02-06 17:23:23]   Warning: Coupe 'baria_coupe' from master doesn't exist as table
[2026-02-06 17:23:23]   Warning: Coupe 'baria_coupe' from master doesn't exist as table
[2026-02-06 17:23:23]   Warning: Coupe 'baria_coupe' from master doesn't exist as table
[2026-02-06 17:23:23]   Warning: Coupe 'baria_coupe' from master doesn't exist as table
[2026-02-06 17:23:24]   Warning: Coupe 'baria_coupe' from master doesn't exist as table
[2026-02-06 17:23:24]   Warning: Coupe 'baria_coupe' from master doesn't exist as table
[2026-02-06 17:23:24]   Warning: Coupe 'baria_coupe' from master doesn't exist as table
[2026-02-06 17:23:24]   Warning: Coupe 'baria_coupe' from master doesn't exist as table
[2026-02-06 17:23:24]   Warning: Coupe 'baria_coupe' from master doesn't exist as table
[2026-02-06 17:23:24]   Warning: Coupe 'baria_coupe' from master doesn't exist as table
[2026-02-06 17:23:24]   Warning: Coupe 'baria_coupe' from master doesn't exist as table
[2026-02-06 17:23:24]   Warning: Coupe 'baria_coupe' from master doesn't exist as table
[2026-02-06 17:23:24]   Warning: Coupe 'baria_coupe' from master doesn't exist as table
[2026-02-06 17:23:24]   Warning: Coupe 'baria_coupe' from master doesn't exist as table
[2026-02-06 17:23:24]   Warning: Coupe 'baria_coupe' from master doesn't exist as table
[2026-02-06 17:23:24]   Warning: Coupe 'baria_coupe' from master doesn't exist as table
[2026-02-06 17:23:24]   Warning: Coupe 'baria_coupe' from master doesn't exist as table
[2026-02-06 17:23:24]   Warning: Coupe 'baria_coupe' from master doesn't exist as table
[2026-02-06 17:23:24]   Warning: Coupe 'baria_coupe' from master doesn't exist as table
[2026-02-06 17:23:24]   Warning: Coupe 'baria_coupe' from master doesn't exist as table
[2026-02-06 17:23:24]   Warning: Coupe 'baria_coupe' from master doesn't exist as table
[2026-02-06 17:23:24]   Warning: Coupe 'baria_coupe' from master doesn't exist as table
[2026-02-06 17:23:25]   Warning: Coupe 'baria_coupe' from master doesn't exist as table
[2026-02-06 17:23:25]   Warning: Coupe 'baria_coupe' from master doesn't exist as table
[2026-02-06 17:24:49] 
============================================================
[2026-02-06 17:24:49] STARTING DEGRADATION ANALYSIS
[2026-02-06 17:24:49] ============================================================
[2026-02-06 17:24:52] Earth Engine initialized
[2026-02-06 17:24:53] Found 5 polygon tables:
[2026-02-06 17:24:53]   1. AUG_Bhavnagar
[2026-02-06 17:24:53]   2. FEB_SKN
[2026-02-06 17:24:53]   3. JAN_Banaskantha_RWD
[2026-02-06 17:24:53]   4. JAN_SKN
[2026-02-06 17:24:53]   5. MAY_Banaskantha_RWD
[2026-02-06 17:24:53] 
==================================================
[2026-02-06 17:24:53] Processing: AUG_Bhavnagar
[2026-02-06 17:24:53] Creating result table: 2026-02-06_Aug_bhavnagar_coupe_NDVI_Change
[2026-02-06 17:24:53] ==================================================
[2026-02-06 17:24:53]   Getting polygon data from AUG_Bhavnagar...
[2026-02-06 17:24:53]   No polygon data found in AUG_Bhavnagar, skipping...
[2026-02-06 17:24:53] 
==================================================
[2026-02-06 17:24:53] Processing: FEB_SKN
[2026-02-06 17:24:53] Creating result table: 2026-02-06_Feb_skn_coupe_NDVI_Change
[2026-02-06 17:24:53] ==================================================
[2026-02-06 17:24:53]   Getting polygon data from FEB_SKN...
[2026-02-06 17:24:53]   Found 3 polygons to analyze
[2026-02-06 17:24:53]   Creating result table 2026-02-06_Feb_skn_coupe_NDVI_Change...
[2026-02-06 17:24:53]     Table 2026-02-06_Feb_skn_coupe_NDVI_Change created with matching structure
[2026-02-06 17:24:53]     Analyzing polygon 1...
[2026-02-06 17:24:54]       Polygon 1 is too small for analysis
[2026-02-06 17:24:54]       No degraded pixels found in polygon 1
[2026-02-06 17:24:54]     Analyzing polygon 2...
[2026-02-06 17:24:54]       Polygon 2 is too small for analysis
[2026-02-06 17:24:54]       No degraded pixels found in polygon 2
[2026-02-06 17:24:54]     Analyzing polygon 3...
[2026-02-06 17:24:54]       Polygon 3 is too small for analysis
[2026-02-06 17:24:54]       No degraded pixels found in polygon 3
[2026-02-06 17:24:54]   No degraded pixels found in any polygon
[2026-02-06 17:24:54] 
  ✓ Completed: FEB_SKN
[2026-02-06 17:24:54] 
==================================================
[2026-02-06 17:24:54] Processing: JAN_Banaskantha_RWD
[2026-02-06 17:24:54] Creating result table: 2026-02-06_Jan_banaskantha_rwd_coupe_NDVI_Change
[2026-02-06 17:24:54] ==================================================
[2026-02-06 17:24:54]   Getting polygon data from JAN_Banaskantha_RWD...
[2026-02-06 17:24:54]   No polygon data found in JAN_Banaskantha_RWD, skipping...
[2026-02-06 17:24:54] 
==================================================
[2026-02-06 17:24:54] Processing: JAN_SKN
[2026-02-06 17:24:54] Creating result table: 2026-02-06_Jan_skn_coupe_NDVI_Change
[2026-02-06 17:24:54] ==================================================
[2026-02-06 17:24:54]   Getting polygon data from JAN_SKN...
[2026-02-06 17:24:54]   Found 3 polygons to analyze
[2026-02-06 17:24:54]   Creating result table 2026-02-06_Jan_skn_coupe_NDVI_Change...
[2026-02-06 17:24:54]     Table 2026-02-06_Jan_skn_coupe_NDVI_Change created with matching structure
[2026-02-06 17:24:54]     Analyzing polygon 1...
[2026-02-06 17:24:54]       Polygon 1 is too small for analysis
[2026-02-06 17:24:54]       No degraded pixels found in polygon 1
[2026-02-06 17:24:54]     Analyzing polygon 2...
[2026-02-06 17:24:54]       Polygon 2 is too small for analysis
[2026-02-06 17:24:54]       No degraded pixels found in polygon 2
[2026-02-06 17:24:54]     Analyzing polygon 3...
[2026-02-06 17:24:54]       Polygon 3 is too small for analysis
[2026-02-06 17:24:54]       No degraded pixels found in polygon 3
[2026-02-06 17:24:54]   No degraded pixels found in any polygon
[2026-02-06 17:24:55] 
  ✓ Completed: JAN_SKN
[2026-02-06 17:24:55] 
==================================================
[2026-02-06 17:24:55] Processing: MAY_Banaskantha_RWD
[2026-02-06 17:24:55] Creating result table: 2026-02-06_May_banaskantha_rwd_coupe_NDVI_Change
[2026-02-06 17:24:55] ==================================================
[2026-02-06 17:24:55]   Getting polygon data from MAY_Banaskantha_RWD...
[2026-02-06 17:24:55]   No polygon data found in MAY_Banaskantha_RWD, skipping...
[2026-02-06 17:24:55] 
============================================================
[2026-02-06 17:24:55] PROCESSING COMPLETED
[2026-02-06 17:24:55] ============================================================
[2026-02-06 17:29:07] 
============================================================
[2026-02-06 17:29:07] STARTING DEGRADATION ANALYSIS
[2026-02-06 17:29:07] ============================================================
[2026-02-06 17:29:12] Earth Engine initialized
[2026-02-06 17:29:13] Found 5 polygon tables:
[2026-02-06 17:29:13]   1. AUG_Bhavnagar
[2026-02-06 17:29:13]   2. FEB_SKN
[2026-02-06 17:29:13]   3. JAN_Banaskantha_RWD
[2026-02-06 17:29:13]   4. JAN_SKN
[2026-02-06 17:29:13]   5. MAY_Banaskantha_RWD
[2026-02-06 17:29:13] 
Skipping already processed: AUG_Bhavnagar
[2026-02-06 17:29:13] 
Skipping already processed: FEB_SKN
[2026-02-06 17:29:13] 
Skipping already processed: JAN_Banaskantha_RWD
[2026-02-06 17:29:13] 
Skipping already processed: JAN_SKN
[2026-02-06 17:29:13] 
Skipping already processed: MAY_Banaskantha_RWD
[2026-02-06 17:29:13] 
============================================================
[2026-02-06 17:29:13] PROCESSING COMPLETED
[2026-02-06 17:29:13] ============================================================
[2026-02-06 17:30:05] 
============================================================
[2026-02-06 17:30:05] STARTING DEGRADATION ANALYSIS
[2026-02-06 17:30:05] ============================================================
[2026-02-06 17:30:07] Earth Engine initialized
[2026-02-06 17:30:08] Found 5 polygon tables:
[2026-02-06 17:30:08]   1. AUG_Bhavnagar
[2026-02-06 17:30:08]   2. FEB_SKN
[2026-02-06 17:30:08]   3. JAN_Banaskantha_RWD
[2026-02-06 17:30:08]   4. JAN_SKN
[2026-02-06 17:30:08]   5. MAY_Banaskantha_RWD
[2026-02-06 17:30:08] 
==================================================
[2026-02-06 17:30:08] Processing: AUG_Bhavnagar
[2026-02-06 17:30:08] Creating result table: 2026-02-06_Aug_Bhavnagar_coupe_NDVI_Change
[2026-02-06 17:30:08] ==================================================
[2026-02-06 17:30:08]   Getting polygon data from AUG_Bhavnagar...
[2026-02-06 17:30:08]   No polygon data found in AUG_Bhavnagar, skipping...
[2026-02-06 17:30:08] 
==================================================
[2026-02-06 17:30:08] Processing: FEB_SKN
[2026-02-06 17:30:08] Creating result table: 2026-02-06_Feb_Skn_coupe_NDVI_Change
[2026-02-06 17:30:08] ==================================================
[2026-02-06 17:30:08]   Getting polygon data from FEB_SKN...
[2026-02-06 17:30:09]   Found 10 polygons to analyze
[2026-02-06 17:30:09]   Creating result table 2026-02-06_Feb_Skn_coupe_NDVI_Change...
[2026-02-06 17:30:09]     Table 2026-02-06_Feb_Skn_coupe_NDVI_Change created with matching structure
[2026-02-06 17:30:09]     Analyzing polygon 1...
[2026-02-06 17:30:11]       Extracting NDVI values for polygon 1...
[2026-02-06 17:30:14]       Polygon 1: Dec NDVI=0.325, Jan NDVI=0.261, Change=-0.064, Category=Slight Degradation
[2026-02-06 17:30:14]       Inserted 1 samples
[2026-02-06 17:30:14]     Analyzing polygon 2...
[2026-02-06 17:30:17]       Extracting NDVI values for polygon 2...
[2026-02-06 17:30:20]       Polygon 2: Dec NDVI=0.292, Jan NDVI=0.250, Change=-0.042, Category=No Significant Change
[2026-02-06 17:30:20]       Inserted 1 samples
[2026-02-06 17:30:20]     Analyzing polygon 3...
[2026-02-06 17:30:22]       Extracting NDVI values for polygon 3...
[2026-02-06 17:30:23]       Polygon 3: Dec NDVI=0.281, Jan NDVI=0.241, Change=-0.040, Category=No Significant Change
[2026-02-06 17:30:23]       Inserted 1 samples
[2026-02-06 17:30:23]     Analyzing polygon 4...
[2026-02-06 17:30:25]       Extracting NDVI values for polygon 4...
[2026-02-06 17:30:28]       Polygon 4: Dec NDVI=0.279, Jan NDVI=0.240, Change=-0.039, Category=No Significant Change
[2026-02-06 17:30:28]       Inserted 1 samples
[2026-02-06 17:30:28]     Analyzing polygon 5...
[2026-02-06 17:30:30]       Extracting NDVI values for polygon 5...
[2026-02-06 17:30:33]       Polygon 5: Dec NDVI=0.312, Jan NDVI=0.258, Change=-0.054, Category=Slight Degradation
[2026-02-06 17:30:34]       Inserted 1 samples
[2026-02-06 17:30:34]     Analyzing polygon 6...
[2026-02-06 17:30:36]       Extracting NDVI values for polygon 6...
[2026-02-06 17:30:37]       Polygon 6: Dec NDVI=0.360, Jan NDVI=0.303, Change=-0.058, Category=Slight Degradation
[2026-02-06 17:30:37]       Inserted 1 samples
[2026-02-06 17:30:37]     Analyzing polygon 7...
[2026-02-06 17:30:40]       Extracting NDVI values for polygon 7...
[2026-02-06 17:30:41]       Polygon 7: Dec NDVI=0.450, Jan NDVI=0.350, Change=-0.101, Category=Moderate Degradation
[2026-02-06 17:30:41]       Inserted 1 samples
[2026-02-06 17:30:41]     Analyzing polygon 8...
[2026-02-06 17:30:43]       Extracting NDVI values for polygon 8...
[2026-02-06 17:30:44]       Polygon 8: Dec NDVI=0.488, Jan NDVI=0.368, Change=-0.121, Category=Moderate Degradation
[2026-02-06 17:30:45]       Inserted 1 samples
[2026-02-06 17:30:45]     Analyzing polygon 9...
[2026-02-06 17:30:47]       Extracting NDVI values for polygon 9...
[2026-02-06 17:30:48]       Polygon 9: Dec NDVI=0.260, Jan NDVI=0.212, Change=-0.048, Category=No Significant Change
[2026-02-06 17:30:48]       Inserted 1 samples
[2026-02-06 17:30:48]     Analyzing polygon 10...
[2026-02-06 17:30:51]       Extracting NDVI values for polygon 10...
[2026-02-06 17:30:53]       Polygon 10: Dec NDVI=0.282, Jan NDVI=0.231, Change=-0.051, Category=Slight Degradation
[2026-02-06 17:30:53]       Inserted 1 samples
[2026-02-06 17:30:53]   Total samples analyzed: 10
[2026-02-06 17:30:53]   Publishing to Geoserver with NDVI_CHANGE_NEW2222 style...
[2026-02-06 17:30:53]   Publishing 2026-02-06_Feb_Skn_coupe_NDVI_Change to Geoserver...
[2026-02-06 17:30:54]     Creation failed: 404 - No such data store: Recap4NDC_New,Recap4NDC_New
[2026-02-06 17:30:54]     Geoserver publishing failed, but data saved to database
[2026-02-06 17:30:54] 
  ✓ Completed: FEB_SKN
[2026-02-06 17:30:54]     Result table: 2026-02-06_Feb_Skn_coupe_NDVI_Change
[2026-02-06 17:30:54]     Samples analyzed: 10
[2026-02-06 17:30:54] 
==================================================
[2026-02-06 17:30:54] Processing: JAN_Banaskantha_RWD
[2026-02-06 17:30:54] Creating result table: 2026-02-06_Jan_Banaskantha_Rwd_coupe_NDVI_Change
[2026-02-06 17:30:54] ==================================================
[2026-02-06 17:30:54]   Getting polygon data from JAN_Banaskantha_RWD...
[2026-02-06 17:30:54]   No polygon data found in JAN_Banaskantha_RWD, skipping...
[2026-02-06 17:30:54] 
==================================================
[2026-02-06 17:30:54] Processing: JAN_SKN
[2026-02-06 17:30:54] Creating result table: 2026-02-06_Jan_Skn_coupe_NDVI_Change
[2026-02-06 17:30:54] ==================================================
[2026-02-06 17:30:54]   Getting polygon data from JAN_SKN...
[2026-02-06 17:30:54]   Found 10 polygons to analyze
[2026-02-06 17:30:54]   Creating result table 2026-02-06_Jan_Skn_coupe_NDVI_Change...
[2026-02-06 17:30:55]     Table 2026-02-06_Jan_Skn_coupe_NDVI_Change created with matching structure
[2026-02-06 17:30:55]     Analyzing polygon 1...
[2026-02-06 17:30:57]       Extracting NDVI values for polygon 1...
[2026-02-06 17:30:58]       Polygon 1: Dec NDVI=0.325, Jan NDVI=0.261, Change=-0.064, Category=Slight Degradation
[2026-02-06 17:30:59]       Inserted 1 samples
[2026-02-06 17:30:59]     Analyzing polygon 2...
[2026-02-06 17:31:01]       Extracting NDVI values for polygon 2...
[2026-02-06 17:31:01]       Polygon 2: Dec NDVI=0.292, Jan NDVI=0.250, Change=-0.042, Category=No Significant Change
[2026-02-06 17:31:01]       Inserted 1 samples
[2026-02-06 17:31:01]     Analyzing polygon 3...
[2026-02-06 17:31:05]       Extracting NDVI values for polygon 3...
[2026-02-06 17:31:08]       Polygon 3: Dec NDVI=0.281, Jan NDVI=0.241, Change=-0.040, Category=No Significant Change
[2026-02-06 17:31:08]       Inserted 1 samples
[2026-02-06 17:31:08]     Analyzing polygon 4...
[2026-02-06 17:31:11]       Extracting NDVI values for polygon 4...
[2026-02-06 17:31:13]       Polygon 4: Dec NDVI=0.279, Jan NDVI=0.240, Change=-0.039, Category=No Significant Change
[2026-02-06 17:31:13]       Inserted 1 samples
[2026-02-06 17:31:13]     Analyzing polygon 5...
[2026-02-06 17:31:15]       Extracting NDVI values for polygon 5...
[2026-02-06 17:31:17]       Polygon 5: Dec NDVI=0.312, Jan NDVI=0.258, Change=-0.054, Category=Slight Degradation
[2026-02-06 17:31:17]       Inserted 1 samples
[2026-02-06 17:31:17]     Analyzing polygon 6...
[2026-02-06 17:31:19]       Extracting NDVI values for polygon 6...
[2026-02-06 17:31:20]       Polygon 6: Dec NDVI=0.360, Jan NDVI=0.303, Change=-0.058, Category=Slight Degradation
[2026-02-06 17:31:21]       Inserted 1 samples
[2026-02-06 17:31:21]     Analyzing polygon 7...
[2026-02-06 17:31:22]       Extracting NDVI values for polygon 7...
[2026-02-06 17:31:24]       Polygon 7: Dec NDVI=0.450, Jan NDVI=0.350, Change=-0.101, Category=Moderate Degradation
[2026-02-06 17:31:24]       Inserted 1 samples
[2026-02-06 17:31:24]     Analyzing polygon 8...
[2026-02-06 17:31:27]       Extracting NDVI values for polygon 8...
[2026-02-06 17:31:28]       Polygon 8: Dec NDVI=0.488, Jan NDVI=0.368, Change=-0.121, Category=Moderate Degradation
[2026-02-06 17:31:28]       Inserted 1 samples
[2026-02-06 17:31:28]     Analyzing polygon 9...
[2026-02-06 17:31:30]       Extracting NDVI values for polygon 9...
[2026-02-06 17:31:30]       Polygon 9: Dec NDVI=0.260, Jan NDVI=0.212, Change=-0.048, Category=No Significant Change
[2026-02-06 17:31:30]       Inserted 1 samples
[2026-02-06 17:31:30]     Analyzing polygon 10...
[2026-02-06 17:31:32]       Extracting NDVI values for polygon 10...
[2026-02-06 17:31:34]       Polygon 10: Dec NDVI=0.282, Jan NDVI=0.231, Change=-0.051, Category=Slight Degradation
[2026-02-06 17:31:34]       Inserted 1 samples
[2026-02-06 17:31:34]   Total samples analyzed: 10
[2026-02-06 17:31:34]   Publishing to Geoserver with NDVI_CHANGE_NEW2222 style...
[2026-02-06 17:31:34]   Publishing 2026-02-06_Jan_Skn_coupe_NDVI_Change to Geoserver...
[2026-02-06 17:31:34]     Creation failed: 404 - No such data store: Recap4NDC_New,Recap4NDC_New
[2026-02-06 17:31:34]     Geoserver publishing failed, but data saved to database
[2026-02-06 17:31:34] 
  ✓ Completed: JAN_SKN
[2026-02-06 17:31:34]     Result table: 2026-02-06_Jan_Skn_coupe_NDVI_Change
[2026-02-06 17:31:34]     Samples analyzed: 10
[2026-02-06 17:31:34] 
==================================================
[2026-02-06 17:31:34] Processing: MAY_Banaskantha_RWD
[2026-02-06 17:31:34] Creating result table: 2026-02-06_May_Banaskantha_Rwd_coupe_NDVI_Change
[2026-02-06 17:31:34] ==================================================
[2026-02-06 17:31:34]   Getting polygon data from MAY_Banaskantha_RWD...
[2026-02-06 17:31:35]   No polygon data found in MAY_Banaskantha_RWD, skipping...
[2026-02-06 17:31:35] 
============================================================
[2026-02-06 17:31:35] PROCESSING COMPLETED
[2026-02-06 17:31:35] ============================================================
